2015,I,22010,Impost sobre estades en empreses turístiques d'allotjament
2015,I,22010,Impost sobre estades en empreses turístiques d'allotjament
2015,I,28400,Impost sobre danys mediambiental causats per vehicles de lloguer
2015,I,28500,Impost sobre danys mediambientals causats per grans superfícies ...
2015,I,28600,Impost sobre envasos de begudes
2015,I,30200,Taxes per direcció i inspecció d'obres
2015,I,30319,Matrícula/inscripció per a proves d'obtenció del títol de tècnic superior de formació professional
2015,I,30909,Serveis facultatius en matèria de medi ambient
2015,I,30909,Serveis facultatius en matèria de medi ambient
2015,I,30918,Delimitación dels canasl del domini públic hidràulic
2015,I,30920,Autorizació d'instal·lació de dessaladores d'aigüa
2015,I,30923,Serveis d'inspecció de les condicions concessionals
2015,I,30924,"Serveis facultatius per redacció, taxació d'obres i projectes"
2015,I,30963,Llicències de vedats de caça
2015,I,30984,Reconeixement de títols a ciutadans de la UE
2015,I,30989,Revisió del grau de discapacitat
2015,I,30990,Revisió de grau de dependència
2015,I,31900,"Assistència sanitària, pagaments al comptat"
2015,I,31905,"Assistència sanitària, empreses col·laboradores de la Seguretat Social"
2015,I,31909,"Assistència sanitària, corporacions locals"
2015,I,31916,"Assistència sanitària, INSS"
2015,I,32710,"Assistència sanitària, entitats vinculades a la Comunitat Autònoma IB"
2015,I,32910,Drets de matrícula a cursos i seminaris
2015,I,33400,Venda de productes agropecuaris
2015,I,40008,Bestretes a compta per ajornament devolucions de liquidacions negatives
2015,I,40060,"Fons cohesió sanitat, assistència a desplaçats"
2015,I,40300,De fundacions estatals
2015,I,44100,D'empreses públiques no societàries  i d'altres ens públics de la Comunitat Autònoma IB
2015,I,45100,D'altres comunitats autònomes
2015,I,46000,D'ajuntaments
2015,I,46900,D'altres ens territorials
2015,I,48000,De famílies i institucions sense finalitat lucrativa
2015,I,49900,Altres transferències de l'exterior
2015,I,51600,A corporacions locals i altres ens territorials
2015,I,51800,A famílies i institucions sense finalitat lucrativa
2015,I,52000,Interessos de consignacions judicials
2015,I,54001,Lloguers de locals
2015,I,54900,Altres rendes de béns immobles
2015,I,70101,Del Servicio Público de Empleo INEM
2015,I,70400,"De societats mercantils estatals, entitats empresarials i altres ens públics"
2015,I,76130,Del Consell Insular d'Eivissa
2015,I,77000,D'empreses privades
2015,I,78000,De famílies i institucions sense finalitat lucrativa
2015,I,79203,Del Fons Europeu Agricola de Desenvolupament Rural
2015,I,79501,Del Fons Europeu de Pesca FEP
2015,I,82106,A corporacions locals
2015,I,2018/AGIB00/1,Imposts directes
2015,I,2018/AGIB00/2,Imposts indirectes
2015,I,2018/AGIB00/3,"Taxes, preus públics i altres ingressos"
2015,I,2018/AGIB00/4,Transferències corrents
2015,I,2018/AGIB00/5,Ingressos patrimonials
2015,I,2018/AGIB00/6,Alienació d'inversions reals
2015,I,2018/AGIB00/7,Transferències de capital
2015,I,2018/AGIB00/8,Actius financers
2015,I,2018/AGIB00/9,Passius financers
2015,I,2018/ATIB00/3,"Taxes, preus públics i altres ingressos"
2015,I,2018/ATIB00/4,Transferències corrents
2015,I,2018/ATIB00/5,Ingressos patrimonials
2015,I,2018/ATIB00/7,Transferències de capital
2015,I,2018/SSIB00/3,"Taxes, preus públics i altres ingressos"
2015,I,2018/SSIB00/4,Transferències corrents
2015,I,2018/SSIB00/5,Ingressos patrimonials
2015,I,2018/SSIB00/7,Transferències de capital
2015,I,2018/AGIB00/10,Sobre la renda
2015,I,2018/AGIB00/11,Sobre el capital
2015,I,2018/AGIB00/20,Sobre transmissions patrimonials i actes jurídics documentats
2015,I,2018/AGIB00/21,Sobre el valor afegit
2015,I,2018/AGIB00/22,Sobre consums específics
2015,I,2018/AGIB00/28,Altres imposts indirectes
2015,I,2018/AGIB00/30,Taxes
2015,I,2018/AGIB00/32,Altres ingressos procedents de la prestació de serveis
2015,I,2018/AGIB00/33,Venda de béns
2015,I,2018/AGIB00/39,Altres ingressos
2015,I,2018/AGIB00/40,De l'Estat
2015,I,2018/AGIB00/49,De l'exterior
2015,I,2018/AGIB00/51,Interessos de bestretes i préstecs concedits
2015,I,2018/AGIB00/52,Interessos de dipòsits
2015,I,2018/AGIB00/54,Rendes de béns immobles
2015,I,2018/AGIB00/55,Productes de concessions i aprofitaments especials
2015,I,2018/AGIB00/59,Altres ingressos patrimonials
2015,I,2018/AGIB00/60,Alienació de terrenys
2015,I,2018/AGIB00/61,Alienació d'altres inversions
2015,I,2018/AGIB00/70,De l'Estat
2015,I,2018/AGIB00/79,De l'exterior
2015,I,2018/AGIB00/82,Reintegraments de préstecs concedits al sector públic
2015,I,2018/AGIB00/91,Préstecs rebuts en euros
2015,I,2018/ATIB00/33,Venda de béns
2015,I,2018/ATIB00/45,De comunitats autònomes
2015,I,2018/ATIB00/52,Interessos de dipòsits
2015,I,2018/ATIB00/75,De comunitats autònomes
2015,I,2018/SSIB00/30,Taxes
2015,I,2018/SSIB00/31,Preus públics
2015,I,2018/SSIB00/32,Altres ingressos procedents de la prestació de serveis
2015,I,2018/SSIB00/33,Venda de béns
2015,I,2018/SSIB00/39,Altres ingressos
2015,I,2018/SSIB00/45,De comunitats autònomes
2015,I,2018/SSIB00/52,Interessos de dipòsits
2015,I,2018/SSIB00/55,Productes de concessions i aprofitaments especials
2015,I,2018/SSIB00/75,De comunitats autònomes
2015,I,2018/AGIB00/100,Impost sobre la renda de les persones físiques
2015,I,2018/AGIB00/110,Impost general sobre successions i donacions
2015,I,2018/AGIB00/111,Impost sobre el patrimoni de les persones físiques
2015,I,2018/AGIB00/112,Impost sobre dipòsits en entitats bancàries
2015,I,2018/AGIB00/200,"Impost sobre transmissions ""inter vius"""
2015,I,2018/AGIB00/201,Imposts sobre actes jurídics documentats
2015,I,2018/AGIB00/210,Impost sobre el valor afegit
2015,I,2018/AGIB00/220,Imposts especials
2015,I,2018/AGIB00/281,Impost sobre estades turístiques i turisme sostenible
2015,I,2018/AGIB00/283,Cànon de sanejament d'aigües
2015,I,2018/AGIB00/300,Taxes de joc
2015,I,2018/AGIB00/301,Taxes i cànons de l'ordenació de les telecomunicacions
2015,I,2018/AGIB00/303,"Taxes acadèmiques, drets de matrícula, expedició de títols i altres similars"
2015,I,2018/AGIB00/309,Altres taxes
2015,I,2018/AGIB00/329,Altres ingressos procedents de la prestació de serveis
2015,I,2018/AGIB00/330,Venda de publicacions pròpies
2015,I,2018/AGIB00/332,Venda de fotocòpies i d'altres productes de reprografia
2015,I,2018/AGIB00/333,Venda de medicaments
2015,I,2018/AGIB00/334,Venda de productes agropecuaris
2015,I,2018/AGIB00/339,Venda d'altres béns
2015,I,2018/AGIB00/391,Recàrrecs i multes
2015,I,2018/AGIB00/399,Ingressos diversos
2015,I,2018/AGIB00/400,De l'Administració General
2015,I,2018/AGIB00/401,D'organismes autònoms
2015,I,2018/AGIB00/402,De la Seguretat Social
2015,I,2018/AGIB00/490,Del Fons Social Europeu
2015,I,2018/AGIB00/492,Altres transferències de la UE
2015,I,2018/AGIB00/514,A empreses públiques i a altres ens públics
2015,I,2018/AGIB00/520,Interessos de comptes bancaris
2015,I,2018/AGIB00/540,Lloguers i productes d'immobles
2015,I,2018/AGIB00/550,Productes de concessions administratives
2015,I,2018/AGIB00/559,Altres concessions i aprofitaments
2015,I,2018/AGIB00/599,Altres ingressos patrimonials
2015,I,2018/AGIB00/600,Alienació de solars
2015,I,2018/AGIB00/619,Alienació d'altres inversions reals
2015,I,2018/AGIB00/700,De l'Administració General
2015,I,2018/AGIB00/701,D'organismes autònoms
2015,I,2018/AGIB00/790,Del Fons Europeu de Desenvolupament Regional
2015,I,2018/AGIB00/792,Del fons per al finançament de la Política Agrícola Comuna
2015,I,2018/AGIB00/796,Altres transferències de la UE
2015,I,2018/AGIB00/820,De préstecs concedits a curt termini
2015,I,2018/AGIB00/821,De préstecs concedits a llarg termini
2015,I,2018/AGIB00/911,A llarg termini d'ens del sector públic
2015,I,2018/AGIB00/913,A llarg termini d'ens que no pertanyen al sector públic
2015,I,2018/ATIB00/339,Venda d'altres béns
2015,I,2018/ATIB00/450,De la Comunitat Autònoma IB
2015,I,2018/ATIB00/520,Interessos de comptes bancaris
2015,I,2018/ATIB00/750,De la Comunitat Autònoma IB
2015,I,2018/SSIB00/303,"Taxes acadèmiques, drets de matrícula, expedició de títols i altres similars"
2015,I,2018/SSIB00/319,Altres preus públics
2015,I,2018/SSIB00/327,Altres ingressos procedents de la prestació de serveis d'assistència sanitària
2015,I,2018/SSIB00/333,Venda de medicaments
2015,I,2018/SSIB00/391,Recàrrecs i multes
2015,I,2018/SSIB00/399,Ingressos diversos
2015,I,2018/SSIB00/450,De la Comunitat Autònoma IB
2015,I,2018/SSIB00/520,Interessos de comptes bancaris
2015,I,2018/SSIB00/550,Productes de concessions administratives
2015,I,2018/SSIB00/750,De la Comunitat Autònoma IB
2015,I,2017/AGIB00/10000,"Impost sobre la renda de les persones físiques, tarifa autonòmica"
2015,I,2017/AGIB00/11000,Impost general sobre successions i donacions
2015,I,2017/AGIB00/11100,Impost extraordinari sobre el patrimoni de les persones físiques
2015,I,2017/AGIB00/11200,Impost sobre dipòsits en entitats de crèdit
2015,I,2017/AGIB00/20000,"Impost sobre transmissions ""inter vius"""
2015,I,2017/AGIB00/20001,"Impost sobre transmissions ""inter vius"", timbres"
2015,I,2017/AGIB00/20100,Impost sobre actes jurídics documentats
2015,I,2017/AGIB00/20101,"Impost sobre actes jurídics documentats, timbres"
2015,I,2017/AGIB00/21000,Impost sobre el valor afegit
2015,I,2017/AGIB00/22001,Impost especial sobre la cervesa
2015,I,2017/AGIB00/22003,Impost especial sobre l'alcohol i begudes derivades
2015,I,2017/AGIB00/22004,Impost especial sobre les labors del tabac
2015,I,2017/AGIB00/22005,Impost especial sobre els hidrocarburs
2015,I,2017/AGIB00/22006,Impost especial sobre determinats mitjans de transport
2015,I,2017/AGIB00/22007,Impost especial sobre productes intermedis
2015,I,2017/AGIB00/22008,"Impost especial sobre la venda minorista de determinats hidrocarburs, tram autonòmic"
2015,I,2017/AGIB00/22009,Impost especial sobre l'electricitat
2015,I,2017/AGIB00/28100,Impost sobre estades turístiques i turisme sostenible
2015,I,2017/AGIB00/28300,Cànon de sanejament/depuració d'aigües
2015,I,2017/AGIB00/30000,Taxes de joc
2015,I,2017/AGIB00/30001,"Taxes per serveis administratius en matèria de casinos, jocs i apostes"
2015,I,2017/AGIB00/30101,Autoritzacions/certificacions relacionades amb radiodifusió sonora a través ones mètriques amb modulació de freqüència
2015,I,2017/AGIB00/30301,"Serveis docents, Conservatori Professional de Música i Dansa de les IB"
2015,I,2017/AGIB00/30302,"Serveis docents, Escoles Oficials d'Idiomes"
2015,I,2017/AGIB00/30303,"Serveis docents, ES de Disseny i de Conservació i Restauració de Béns Culturals de les IB"
2015,I,2017/AGIB00/30304,"Drets de matrícula, proves d'avaluació i acreditació de coneixements de català"
2015,I,2017/AGIB00/30305,Expedició de títols acadèmics i professionals
2015,I,2017/AGIB00/30306,Matrícula/inscripció a proves selectives per a l'accés a cossos docents
2015,I,2017/AGIB00/30307,Matrícula/inscripció a proves selectives per a l'accés a l'Administració de la Comunitat Autònoma IB
2015,I,2017/AGIB00/30308,Matrícula/inscripció a cursos programats per l'Escola Balear d'Administració Pública
2015,I,2017/AGIB00/30309,Expedició de títols i acarament de documents per l'Escola Balear d'Administració Pública
2015,I,2017/AGIB00/30310,Matrícula/inscripció a proves per a verificació de la capacitació professional de transportistes i AACT
2015,I,2017/AGIB00/30311,Serveis de reconeixement de la capacitació per a l'exercici d'activitats nàutiques recreatives
2015,I,2017/AGIB00/30314,Serveis de reconeixement de la capacitació nauticopesquera i de busseig professional
2015,I,2017/AGIB00/30315,Matrícula/inscripció per a proves de guies turístics de la Comunitat Autònoma IB
2015,I,2017/AGIB00/30317,"Serveis docents, ensenyaments esportius del sistema educatiu"
2015,I,2017/AGIB00/30318,Matrícula/inscripció a proves d'accés als cicles formatius
2015,I,2017/AGIB00/30320,Reconeixement de la competència professional assolida per experiència laboral a les IB
2015,I,2017/AGIB00/30901,Actuacions del Registre d'Entitats Jurídiques
2015,I,2017/AGIB00/30902,Obertura d'establiments turístics i altres autoritzacions administratives
2015,I,2017/AGIB00/30904,"Fotocòpies, còpies i expedició de certificats"
2015,I,2017/AGIB00/30905,Compulsa i autentificació de documents
2015,I,2017/AGIB00/30907,"Serveis del laboratori de l'atmosfera, certificats d'emissions i subministrament de dades de l'atmosfera"
2015,I,2017/AGIB00/30908,Informes d'avaluació de l'impacte ambiental
2015,I,2017/AGIB00/30910,Serveis i activitats a zones de servitud de protecció i trànsit portuari
2015,I,2017/AGIB00/30911,Autorització de sondeigs a càrrec de la Junta d'Aigües
2015,I,2017/AGIB00/30912,"Autorització, posada en servei i reconeixement de les instal·lacions d'elevació d'aigües"
2015,I,2017/AGIB00/30913,Autorització per a explotació d'aigües subterrànies amb cabdal < 7000 m3/any
2015,I,2017/AGIB00/30914,Autirització per a la concessió d'aigües subterrànies
2015,I,2017/AGIB00/30916,Serveis administratius per a la concessió d'aigües depurades
2015,I,2017/AGIB00/30917,Autorització de concessions a zones de domini públic hidràulic i de policia de canals
2015,I,2017/AGIB00/30919,Autorització de concessions per a l'abocament d'aigües residuals
2015,I,2017/AGIB00/30921,Informes i altres actuacions sobre concessions
2015,I,2017/AGIB00/30922,"Serveis de treballs de camp per a delimitacions, inspeccions d'obres i ..."
2015,I,2017/AGIB00/30927,Serveis del laboratori de l'aigua
2015,I,2017/AGIB00/30928,Reportatges publicitaris en espais naturals
2015,I,2017/AGIB00/30930,Control de seguretat alimentaria
2015,I,2017/AGIB00/30931,Control d'animals
2015,I,2017/AGIB00/30932,Control de sanitat ambiental
2015,I,2017/AGIB00/30943,Serveis administratius generals en matèria transports
2015,I,2017/AGIB00/30944,Autoritzacions de transport per carretera i d'activitats auxiliars i complementàries del transport
2015,I,2017/AGIB00/30946,Serveis i actuacions en matèria d'arquitectura i habitatge
2015,I,2017/AGIB00/30947,"Comprovació, reconeixement i acreditació de la capacitació per el lloguer d'embarcacions d'esbarjo"
2015,I,2017/AGIB00/30948,Autoritzacions per a l'exercici de l'activitat d'escoles nauticoesportives i de centres lucratius d'activitats subaquàtiques
2015,I,2017/AGIB00/30950,Tramitació d'autoritzacions administratives i de comprovació tecnicosanitària en matèria de policia mortuòria
2015,I,2017/AGIB00/30951,Inscripcions i anotacions en el Registre Sanitari
2015,I,2017/AGIB00/30952,"Tramitació d'autoritzacions administratives als centres, establiments i serveis sanitaris"
2015,I,2017/AGIB00/30954,Control sanitari de les condicions de les piscines d'ús públic
2015,I,2017/AGIB00/30956,Control de les condicions  sanitàries dels establiments que elaboren o serveixen menjar preparats
2015,I,2017/AGIB00/30957,"Autoritzacions per a la instal·lació, trasllat o transmissió d'oficines de farmàcia"
2015,I,2017/AGIB00/30958,Altres actuacions sanitàries
2015,I,2017/AGIB00/30959,Serveis del laboratori de salut pública
2015,I,2017/AGIB00/30960,Realització d'assaigs clínics amb medicaments
2015,I,2017/AGIB00/30966,Llicències de pesca
2015,I,2017/AGIB00/30967,Celebració de campionats de pesca
2015,I,2017/AGIB00/30968,"Ordenació i defensa de les indústries agrícoles, forestals i pecuàries"
2015,I,2017/AGIB00/30969,Serveis de gestió tecnicofacultativa dels serveis agronòmics
2015,I,2017/AGIB00/30970,Serveis facultatius veterinaris
2015,I,2017/AGIB00/30971,Serveis industrials i d'energia
2015,I,2017/AGIB00/30973,Serveis administratius
2015,I,2017/AGIB00/30974,Llicència autonòmica de gran establiment comercial
2015,I,2017/AGIB00/30976,Concessió de l'etiqueta ecològica
2015,I,2017/AGIB00/30977,Utilització de l'etiqueta ecològica
2015,I,2017/AGIB00/30979,Inscripció en els registres d'emergències
2015,I,2017/AGIB00/30980,Autorització d'entitats formadores
2015,I,2017/AGIB00/30981,Declaració d'interès sanitari
2015,I,2017/AGIB00/30982,Registre d'entitats formadores de manipuladors d'aliments
2015,I,2017/AGIB00/30983,Registre d'activitats de carnisseria i xarcuteria
2015,I,2017/AGIB00/30985,Registre d'entitats formadores per a l'ús de desfibril·ladors
2015,I,2017/AGIB00/30986,Inscripció d'empreses de serveis de biocides i plaguicides
2015,I,2017/AGIB00/30987,Supervisió de les instal·lacions d'aigua per al consum humà
2015,I,2017/AGIB00/30991,Registre de parelles estables
2015,I,2017/AGIB00/30992,Serveis administratius generals del Servei d'Ocupació de les IB
2015,I,2017/AGIB00/30993,Serveis administratius especials  relatius a especies silvestres
2015,I,2017/AGIB00/30994,Autoritzacions per a treballs subaquàtics
2015,I,2017/AGIB00/30995,Autorització de camvi de port base i ús temporal
2015,I,2017/AGIB00/30996,Expedició de certificat de professionalitat pesquera
2015,I,2017/AGIB00/30997,Acreditació d'activitats de formació per a professions sanitàries
2015,I,2017/AGIB00/30999,Altres taxes
2015,I,2017/AGIB00/32920,"Entrades a museus, exposicions, espectacles, …"
2015,I,2017/AGIB00/32930,"Drets d'allotjament, restauració i residència"
2015,I,2017/AGIB00/32999,Altres ingressos procedents de la prestació de serveis
2015,I,2017/AGIB00/33001,"Venda, publicació i anuncis del BOIB"
2015,I,2017/AGIB00/33099,Venda d'altres publicacions pròpies
2015,I,2017/AGIB00/33200,Venda de fotocòpies i d'altres productes de reprografia
2015,I,2017/AGIB00/33300,Venda de medicaments
2015,I,2017/AGIB00/33900,Venda d'altres béns
2015,I,2017/AGIB00/33901,Venda d'impresos
2015,I,2017/AGIB00/38000,Reintegraments d'exercicis tancats
2015,I,2017/AGIB00/38100,Reintegraments del pressupost corrent
2015,I,2017/AGIB00/38101,Reintegraments de romanents de pagaments a justificar
2015,I,2017/AGIB00/39100,Recàrrecs de constrenyiment
2015,I,2017/AGIB00/39101,Interessos de demora
2015,I,2017/AGIB00/39102,Multes i sancions
2015,I,2017/AGIB00/39901,Recursos eventuals
2015,I,2017/AGIB00/39905,Ingressos per costes processals
2015,I,2017/AGIB00/39999,Altres ingressos diversos
2015,I,2017/AGIB00/40000,De l'Administració General
2015,I,2017/AGIB00/40001,Fons de garantia
2015,I,2017/AGIB00/40002,Fons de suficiència
2015,I,2017/AGIB00/40003,Fons de competitivitat
2015,I,2017/AGIB00/40009,Liquidació d'exercicis anteriors
2015,I,2017/AGIB00/40100,D'organismes autònoms de caràcter administratiu
2015,I,2017/AGIB00/40101,Del Servicio Público de Empleo INEM
2015,I,2017/AGIB00/40200,De la Seguretat Social
2015,I,2017/AGIB00/40201,De l'Instituto de Migraciones y Servicios Sociales IMSERSO
2015,I,2017/AGIB00/40260,Programa d'estalvi en incapacitat temporal IT
2015,I,2017/AGIB00/40261,Assistència a residents estrangers
2015,I,2017/AGIB00/44400,De fundacions en que participa la Comunitat Autònoma IB
2015,I,2017/AGIB00/49000,Del Fons Social Europeu
2015,I,2017/AGIB00/49200,Altres transferències de la UE
2015,I,2017/AGIB00/51400,A empreses públiques i altres ens públics
2015,I,2017/AGIB00/52099,Altres interessos de comptes bancaris
2015,I,2017/AGIB00/54002,Lloguers d'edificis en general
2015,I,2017/AGIB00/55000,Productes de concessions administratives
2015,I,2017/AGIB00/55900,Altres concessions i aprofitaments
2015,I,2017/AGIB00/59900,Altres ingressos patrimonials
2015,I,2017/AGIB00/60000,Alienació de solars
2015,I,2017/AGIB00/61900,Alienació d'altres inversions reals
2015,I,2017/AGIB00/68000,Reintegraments d'exercicis tancats
2015,I,2017/AGIB00/70000,De l'Administració General
2015,I,2017/AGIB00/70100,D'organismes autònoms de caràcter administratiu
2015,I,2017/AGIB00/74300,De consorcis en que participa la Comunitat Autònoma IB
2015,I,2017/AGIB00/79000,Del Fons Europeu de Desenvolupament Regional FEDER
2015,I,2017/AGIB00/79200,Del FEOGA-Orientació
2015,I,2017/AGIB00/79600,Altres transferències de la UE
2015,I,2017/AGIB00/82007,A empreses vinculades i a altres ens participats per la Comunitat Autònoma IB
2015,I,2017/AGIB00/82104,A empreses públiques i altres ens públics
2015,I,2017/AGIB00/87001,"Romanents de tresoreria, finançament d'incorporacions de crèdit"
2015,I,2017/AGIB00/87002,"Romanents de tresoreria, finançament d'incorporacions de crèdit"
2015,I,2017/AGIB00/91100,A llarg termini d'ens del sector públic
2015,I,2017/AGIB00/91300,A llarg termini d'ens que no pertanyen al sector públic
2015,I,2017/ATIB00/33901,Venda d'impresos
2015,I,2017/ATIB00/38100,Reintegraments del pressupost corrent
2015,I,2017/ATIB00/45000,De la Comunitat Autònoma IB
2015,I,2017/ATIB00/52099,Altres interessos de comptes bancaris
2015,I,2017/ATIB00/75000,De la Comunitat Autònoma IB
2015,I,2017/SSIB00/30307,Matrícula/inscripció a proves selectives per a l'accés a l'Administració de la Comunitat Autònoma IB
2015,I,2017/SSIB00/31901,"Assistència sanitària, assegurances privades"
2015,I,2017/SSIB00/31902,"Assistència sanitària, particulars"
2015,I,2017/SSIB00/31903,"Assistència sanitària, accidents de treball"
2015,I,2017/SSIB00/31904,"Preu públic assist.sanitària, acc.trànsit UNESPA"
2015,I,2017/SSIB00/31908,"Assistència sanitària, mútues assegurances escolars i esportives"
2015,I,2017/SSIB00/31910,"Assistència sanitària, altres ens i organismes públics"
2015,I,2017/SSIB00/31917,"Assistència sanitària, accidents de trànsit/tràfic"
2015,I,2017/SSIB00/31918,"Assistència sanitària, quotes per convenis especials d'assistència sanitària"
2015,I,2017/SSIB00/32700,Altres ingressos procedents de la prestació de serveis d'assistència sanitària
2015,I,2017/SSIB00/32704,"Assistència sanitària, empreses col·laboradores de la Seguretat Social"
2015,I,2017/SSIB00/33300,Venda de medicaments
2015,I,2017/SSIB00/38000,Reintegraments d'exercicis tancats
2015,I,2017/SSIB00/38100,Reintegraments del pressupost corrent
2015,I,2017/SSIB00/38101,Reintegraments de romanents de pagaments a justificar
2015,I,2017/SSIB00/39100,Recàrrecs de constrenyiment
2015,I,2017/SSIB00/39101,Interessos de demora
2015,I,2017/SSIB00/39996,Ingressos per anuncis de concursos
2015,I,2017/SSIB00/39998,Ingressos per resolucions judicials
2015,I,2017/SSIB00/39999,Altres ingressos diversos
2015,I,2017/SSIB00/44400,De fundacions en que participa la Comunitat Autònoma IB
2015,I,2017/SSIB00/45000,De la Comunitat Autònoma IB
2015,I,2017/SSIB00/45001,"De la Comunitat Autònoma IB, assistència a desplaçats"
2015,I,2017/SSIB00/45002,"De la Comunitat Autònoma IB, programa d'estalvi en incapacitat temporal IT"
2015,I,2017/SSIB00/47000,D'empreses privades
2015,I,2017/SSIB00/52099,Altres interessos de comptes bancaris
2015,I,2017/SSIB00/55000,Productes de concessions administratives
2015,I,2017/SSIB00/55001,"Ingressos de cafeteries, llibreries i aparells TV"
2015,I,2017/SSIB00/75000,De la Comunitat Autònoma IB
2015,G,12007,"Sous del grup A2, personal de contingent"
2015,G,12112,"Productivitat sanitària, fixa i compensada"
2015,G,12114,"Complement per atenció continuada, personal de contingent preintegrat"
2015,G,12400,Sous del grup A1
2015,G,12505,Retribucions complementàries personal estatutario temporal
2015,G,13019,"Carrera i desenvolupament professional, personal laboral"
2015,G,13300,Retribucions de personal contractat d'investigació
2015,G,16109,Altres prestacions socials
2015,G,21000,D'infraestructura i béns naturals
2015,G,22144,Seguretat
2015,G,22302,Transport aeri sanitari
2015,G,22405,"Primes d'assegurances, altres assegurances"
2015,G,22710,Serveis assistencials de professionals tècnics sanitaris
2015,G,22716,"Serveis de professionals independents, llicenciats sanitaris"
2015,G,22999,Obligacions d'exercicis anteriors
2015,G,23002,Trasllats
2015,G,24002,"Dotació per a serveis nous, oficina d'habitatge"
2015,G,25100,"Serveis assistencials concertats/prestats per tercers, atenció primària"
2015,G,25101,"Serveis assistencials concertats/prestats per tercers, prevenció del càncer de mama"
2015,G,25201,"Serveis assistencials concertats/prestats per tercers, GESMA"
2015,G,25203,"Serveis assistencials concertats/prestats per tercers, FH Manacor"
2015,G,25204,"Serveis assistencials concertats/prestats per tercers, FH Son Llàtzer"
2015,G,25213,"Serveis assistencials concertats/prestats per tercers, Policlínica Miramar"
2015,G,25218,"Serveis assistencials concertats/prestats per tercers, Hospital Comarcal d'Inca"
2015,G,25411,"Serveis assistencials concertats/prestats per tercers, Fundació Kovacs"
2015,G,25413,"Serveis assistencials concertats/prestats per tercers, oxigenoterapia"
2015,G,25414,"Serveis assistencials concertats/prestats per tercers, aerosolteràpia"
2015,G,30002,"Interessos, obligacions CAIB 1998"
2015,G,30004,"Interessos, obligacions CAIB 2009"
2015,G,30007,"Interessos, obligacions CAIB 2012"
2015,G,30100,"Despeses d'emissió, modificació i cancel·lació"
2015,G,44000,A empreses públiques societàries i altres ens públics de la CAIB
2015,G,44003,"Institut de Biologia Animal de les IB, SA"
2015,G,44006,"Serveis de Millora Agrària, SA"
2015,G,44009,"Serveis d'Informació Territorial de les IB, SA"
2015,G,44013,"CAIB Patrimoni, SA, SA"
2015,G,44109,Gestió Sanitària de Mallorca
2015,G,44120,Agència de Cooperació Internacional de les IB
2015,G,44125,Hospital Comarcal d'Inca
2015,G,44126,Espais de Natura Balear
2015,G,44127,Transports de Mallorca
2015,G,44131,Telecomunicacions i Innovació de les IB
2015,G,44132,Institut d'Estudis Baleàrics
2015,G,44200,A empreses vinculades i altres ens participats per la CAIB
2015,G,44204,"Carn Illa, SA"
2015,G,44337,Escola Balear de l'Esport
2015,G,44341,Institut Ramon Llull
2015,G,44357,La Gola
2015,G,44358,Museu Torrens Lladó
2015,G,44372,Reconversió Territorial i Paisatgística de determinades zones d'Eivissa
2015,G,44376,Penya-segat del Port de Maó
2015,G,44406,Mateu Orfila
2015,G,44407,Desenvolupament Sostenible de les IB
2015,G,44418,Hospital Son Llàtzer
2015,G,44419,Hospital de Manacor
2015,G,44420,Balears a l'Exterior
2015,G,44432,Orquestra Simfònica Illes Balears
2015,G,44500,A altres fundacions en què participi la CAIB
2015,G,44506,Museu i Centre de Cultura de Formentera
2015,G,44509,Pro Real Academia Española
2015,G,44801,Transports de Mallorca
2015,G,44823,"Protecció i Acollida de Persones Disminuïdes Psíquiques Profundes, subvencions"
2015,G,44839,"Fons Mallorquí de Solidaritat i Cooperació, subvencions"
2015,G,44850,Ciutat romana de Pol·lentia
2015,G,44851,Castell de Sant Carles
2015,G,44852,Museu Militar de Menorca
2015,G,44859,Eivissa patrimoni de la humanitat
2015,G,44863,"Fons Menorquí de Cooperació, subvencions"
2015,G,44864,"Fons Pitiús de Cooperació, subvencions"
2015,G,44879,Aigües de les IB
2015,G,48001,"A partits polítics, subvencions per a despeses electorals"
2015,G,48002,Consell de la Joventut de les IB
2015,G,48022,"A famílies i institucions, subvencions per a transport escolar"
2015,G,48033,"A famílies i institucions, subvencions per a transport interurbà"
2015,G,48037,"A famílies i institucions, beques per assistència"
2015,G,48047,"A famílies i institucions, ajuts i subvencions per a guarderia i custòdia"
2015,G,48078,Fundació Universitat-Empresa de les IB
2015,G,48079,Associació d'amics del poble Saharaui de les IB
2015,G,48080,Cambra de Comerç de Mallorca
2015,G,48081,Cambra de Comerç de Menorca
2015,G,48082,Cambra de Comerç d'Eivissa i Formentera
2015,G,48083,Fundació de Graduats Socials de les IB
2015,G,48102,"A centres d'ensenyament concertats, RETA i substitucions"
2015,G,48922,Tires reactives
2015,G,48924,Farmaciola d'empreses
2015,G,48999,"Receptes mèdiques, exercicis anteriors"
2015,G,60003,Indemnitzacions per terrenys i béns naturals
2015,G,60112,Infraestructures hidràuliques
2015,G,62000,Terrenys i béns naturals
2015,G,62202,Construccions
2015,G,63000,Terrenys i béns naturals
2015,G,63202,Construccions
2015,G,64002,Drets reals i concessions administratives
2015,G,64008,Creació de l'ens públics Energia i Camvi Climátic
2015,G,64016,Aplicacions informàtiques en curs
2015,G,64021,Campanyes de salut
2015,G,64028,Campanyes de vacunacions
2015,G,74003,"Institut de Biologia Animal de Balears, SA"
2015,G,74006,"Serveis de Millora Agrària, SA"
2015,G,74008,"Desenvolupament del Parc Balear d'Innovació Tecnològica, SA"
2015,G,74009,"Serveis d'Informació Territorial de les IB, SA"
2015,G,74100,A empreses públiques no societàries i altres ens públics de la CAIB
2015,G,74109,Gestió Sanitària de Mallorca
2015,G,74116,Radiotelevisió de les IB
2015,G,74120,Agència de Cooperació Internacional de les IB
2015,G,74125,Hospital Comarcal d'Inca
2015,G,74126,Espais de Natura Balear
2015,G,74127,Consorci de Transports de Mallorca
2015,G,74131,Telecomunicacions i Innovació de les IB
2015,G,74303,Pla Mirall
2015,G,74337,Escola Balear de l'Esport EBE
2015,G,74350,Ciutat Romana de Pol·lèntia
2015,G,74357,La Gola
2015,G,74371,Embelliment de la Platja de Palma
2015,G,74376,Penya-Segat Port de Maò
2015,G,74401,Iles Balears per a la Innovació Tecnològica IBIT
2015,G,74403,Conservatori de Música
2015,G,74406,Mateu Orfila
2015,G,74418,Hospital Son Llàtzer
2015,G,74419,Hospital de Manacor
2015,G,74421,Banc de Sang i Teixits de les IB
2015,G,74422,Escola Superior d'Art Dramàtic de les IB
2015,G,74424,Atenció i Suport a la Dependència i Promoció de l'Autonomia Personal de Persones amb Discapacitats
2015,G,74500,A altres fundacions en què participi la CAIB
2015,G,74506,Museu i Centre de Cultura de Formentera
2015,G,74729,"Serveis de Millora Agrària, subvencions"
2015,G,74850,"Ciutat Romana de Pol·lentia, subvencions"
2015,G,74859,"Eivissa patrimoni de la humanitat, subvencions"
2015,G,74879,"Aigües de les IB, subvencions"
2015,G,76001,"A ajuntaments, subvencions"
2015,G,76900,A altres ens territorials
2015,G,78001,"A famílies i institucions sense finalitat lucrativa, rehabilitació de patrimoni Decret 71/94"
2015,G,87001,Radiotelevisió de les IB
2015,G,87002,Institut Balear de l'Habitatge
2015,G,87003,Serveis Ferroviaris de Mallorca
2015,G,87004,Institut d'Infraestructures i Serveis Educatius i Culturals de les IB
2015,G,87100,Aportacions patrimonials
2015,G,87201,Illes Balears per a l'esport ILLESPORT
2015,G,87301,"Música de les IB, Orquestra Simfònica de les IB"
2015,G,87302,Protecció i Acollida de Persones Disminuïdes Psíquiques Profundes
2015,G,87303,Aigües de les IB
2015,G,87304,Institut d'Estudis Baleàrics
2015,G,91000,Amortització de préstecs a curt termini d'ens del sector públic
2015,G,91200,Amortització de préstecs a curt termini d'ens de fora del sectro públic
2015,G,2018/AGIB00/1,Despeses de personal
2015,G,2018/AGIB00/2,Despeses corrents en béns i serveis
2015,G,2018/AGIB00/3,Despeses financeres
2015,G,2018/AGIB00/4,Transferències corrents
2015,G,2018/AGIB00/5,Fons de contingència
2015,G,2018/AGIB00/6,Inversions reals
2015,G,2018/AGIB00/7,Transferències de capital
2015,G,2018/AGIB00/8,Actius financers
2015,G,2018/AGIB00/9,Passius financers
2015,G,2018/ATIB00/1,Despeses de personal
2015,G,2018/ATIB00/2,Despeses corrents en béns i serveis
2015,G,2018/ATIB00/3,Despeses financeres
2015,G,2018/ATIB00/6,Inversions reals
2015,G,2018/SSIB00/1,Despeses de personal
2015,G,2018/SSIB00/2,Despeses corrents en béns i serveis
2015,G,2018/SSIB00/3,Despeses financeres
2015,G,2018/SSIB00/4,Transferències corrents
2015,G,2018/SSIB00/6,Inversions reals
2015,G,2018/SSIB00/9,Passius financers
2015,G,2018/AGIB00/10,Retribucions d'alts càrrecs
2015,G,2018/AGIB00/11,Retribucions del personal eventual
2015,G,2018/AGIB00/12,Retribucions de funcionaris i personal estatutari
2015,G,2018/AGIB00/13,Retribuciones del personal laboral
2015,G,2018/AGIB00/14,Altre personal
2015,G,2018/AGIB00/15,Incentius al rendiment
2015,G,2018/AGIB00/16,"Quotes, prestacions i despeses socials a càrrec de l'ocupador"
2015,G,2018/AGIB00/20,Arrendaments i cànons
2015,G,2018/AGIB00/21,"Reparacions, manteniment i conservació"
2015,G,2018/AGIB00/22,"Material, subministraments i altres"
2015,G,2018/AGIB00/23,Indemnitzacions per raó del servei
2015,G,2018/AGIB00/24,Dotació per a serveis nous
2015,G,2018/AGIB00/26,Concerts per a la prestació de serveis socials
2015,G,2018/AGIB00/30,De deute públic en euros
2015,G,2018/AGIB00/31,De préstecs en euros
2015,G,2018/AGIB00/35,Interessos de demora i altres despeses financeres
2015,G,2018/AGIB00/40,A l'Estat
2015,G,2018/AGIB00/42,Al Servei de Salut de les IB
2015,G,2018/AGIB00/44,Al sector públic instrumental i a altres ens del sector públic de la CAIB
2015,G,2018/AGIB00/45,A comunitats autònomes
2015,G,2018/AGIB00/46,A corporacions locals
2015,G,2018/AGIB00/47,A empreses privades
2015,G,2018/AGIB00/48,A famílies i institucions sense finalitat lucrativa
2015,G,2018/AGIB00/49,A l'exterior
2015,G,2018/AGIB00/50,Fons de contingència
2015,G,2018/AGIB00/60,Inversió nova en infraestructura i béns destinats a l'ús general
2015,G,2018/AGIB00/61,Inversió de reposició en infraestructura i béns destinats a l'ús general
2015,G,2018/AGIB00/62,Inversió nova associada al funcionament operatiu dels serveis
2015,G,2018/AGIB00/63,Inversió de reposició associada al funcionament operatiu dels serveis
2015,G,2018/AGIB00/64,Despeses en inversions de caràcter immaterial
2015,G,2018/AGIB00/70,A l'Estat
2015,G,2018/AGIB00/72,Al Servei de Salut de les IB
2015,G,2018/AGIB00/74,Al sector públic instrumental i a altres ens del sector públic de la CAIB
2015,G,2018/AGIB00/76,A corporacions locals
2015,G,2018/AGIB00/77,A empreses privades
2015,G,2018/AGIB00/78,A famílies i institucions sense finalitat lucrativa
2015,G,2018/AGIB00/79,A l'exterior
2015,G,2018/AGIB00/83,Concessió de préstecs fora del sector públic
2015,G,2018/AGIB00/91,Amortització de préstecs en euros
2015,G,2018/ATIB00/10,Retribucions d'alts càrrecs
2015,G,2018/ATIB00/12,Retribucions de funcionaris i personal estatutari
2015,G,2018/ATIB00/13,Retribuciones del personal laboral
2015,G,2018/ATIB00/16,"Quotes, prestacions i despeses socials a càrrec de l'ocupador"
2015,G,2018/ATIB00/20,Arrendaments i cànons
2015,G,2018/ATIB00/21,"Reparacions, manteniment i conservació"
2015,G,2018/ATIB00/22,"Material, subministraments i altres"
2015,G,2018/ATIB00/23,Indemnitzacions per raó del servei
2015,G,2018/ATIB00/31,De préstecs en euros
2015,G,2018/ATIB00/64,Despeses en inversions de caràcter immaterial
2015,G,2018/SSIB00/10,Retribucions d'alts càrrecs
2015,G,2018/SSIB00/12,Retribucions de funcionaris i personal estatutari
2015,G,2018/SSIB00/13,Retribuciones del personal laboral
2015,G,2018/SSIB00/14,Altre personal
2015,G,2018/SSIB00/15,Incentius al rendiment
2015,G,2018/SSIB00/16,"Quotes, prestacions i despeses socials a càrrec de l'ocupador"
2015,G,2018/SSIB00/20,Arrendaments i cànons
2015,G,2018/SSIB00/21,"Reparacions, manteniment i conservació"
2015,G,2018/SSIB00/22,"Material, subministraments i altres"
2015,G,2018/SSIB00/23,Indemnitzacions per raó del servei
2015,G,2018/SSIB00/25,Assistència sanitària amb mitjans aliens
2015,G,2018/SSIB00/31,De préstecs en euros
2015,G,2018/SSIB00/35,Interessos de demora i altres despeses financeres
2015,G,2018/SSIB00/44,Al sector públic instrumental i a altres ens del sector públic de la CAIB
2015,G,2018/SSIB00/48,A famílies i institucions sense finalitat lucrativa
2015,G,2018/SSIB00/62,Inversió nova associada al funcionament operatiu dels serveis
2015,G,2018/SSIB00/63,Inversió de reposició associada al funcionament operatiu dels serveis
2015,G,2018/SSIB00/64,Despeses en inversions de caràcter immaterial
2015,G,2018/SSIB00/91,Amortització de préstecs en euros
2015,G,2018/AGIB00/100,Retribucions bàsiques i altres remuneracions
2015,G,2018/AGIB00/110,Retribucions bàsiques i altres remuneracions
2015,G,2018/AGIB00/120,Retribucions bàsiques de funcionaris i personal estatutari
2015,G,2018/AGIB00/121,Retribucions complementàries de funcionaris i personal estatutari
2015,G,2018/AGIB00/126,Retribucions de funcionaris interins
2015,G,2018/AGIB00/130,Laboral fix
2015,G,2018/AGIB00/131,Laboral temporal
2015,G,2018/AGIB00/141,Retribucions d'altre personal
2015,G,2018/AGIB00/150,Productivitat
2015,G,2018/AGIB00/151,Gratificacions
2015,G,2018/AGIB00/160,Quotes socials
2015,G,2018/AGIB00/162,Despeses socials a favor dels funcionaris i personal no laboral
2015,G,2018/AGIB00/163,Despeses socials a favor del personal laboral
2015,G,2018/AGIB00/200,Arrendaments de terrenys i béns naturals
2015,G,2018/AGIB00/202,Arrendaments d'edificis i d'altres construccions
2015,G,2018/AGIB00/203,"Arrendaments de maquinària, instal·lacions i utillatge"
2015,G,2018/AGIB00/204,Arrendaments de material de transport
2015,G,2018/AGIB00/205,Arrendaments de mobiliari i estris
2015,G,2018/AGIB00/206,Arrendaments d'equips per al procés d'informació
2015,G,2018/AGIB00/209,Cànons
2015,G,2018/AGIB00/212,D'edificis i d'altres construccions
2015,G,2018/AGIB00/213,"De maquinària, instal·lacions i utillatge"
2015,G,2018/AGIB00/214,De material de transport
2015,G,2018/AGIB00/215,De mobiliari i estris
2015,G,2018/AGIB00/216,D'equips per a processos d'informació
2015,G,2018/AGIB00/219,D'altre immobilitzat material
2015,G,2018/AGIB00/220,Material d'oficina
2015,G,2018/AGIB00/221,Subministraments
2015,G,2018/AGIB00/222,Comunicacions
2015,G,2018/AGIB00/223,Transports
2015,G,2018/AGIB00/224,Primes d'assegurances
2015,G,2018/AGIB00/225,Tributs
2015,G,2018/AGIB00/226,Despeses diverses
2015,G,2018/AGIB00/227,Treballs realitzats per altres empreses i professionals independents
2015,G,2018/AGIB00/229,Despeses de funcionament de centres escolars
2015,G,2018/AGIB00/230,"Dietes, locomoció i trasllats"
2015,G,2018/AGIB00/231,AssistÞncies i pernoctes
2015,G,2018/AGIB00/239,Altres indemnitzacions
2015,G,2018/AGIB00/240,Dotació per a serveis nous
2015,G,2018/AGIB00/261,"Concerts amb institucions, prestació de serveis socials"
2015,G,2018/AGIB00/300,Interessos
2015,G,2018/AGIB00/309,Altres despeses financeres
2015,G,2018/AGIB00/310,Interessos
2015,G,2018/AGIB00/319,Altres despeses financeres
2015,G,2018/AGIB00/352,Interessos de demora
2015,G,2018/AGIB00/359,Altres despeses financeres
2015,G,2018/AGIB00/400,A l'Administració General
2015,G,2018/AGIB00/401,A organismes autònoms
2015,G,2018/AGIB00/402,A la Seguretat Social
2015,G,2018/AGIB00/404,"A societats mercantils estatals, entitats empresarials i altres ens públics"
2015,G,2018/AGIB00/420,Al Servei de Salut de les IB
2015,G,2018/AGIB00/440,"A societats mercantils públiques, transferències"
2015,G,2018/AGIB00/441,"A entitats públiques empresarials i a altres ens públics, transferències"
2015,G,2018/AGIB00/443,"A consorcis en què participa la CAIB, transferències"
2015,G,2018/AGIB00/444,"A fundacions del sector públic autonòmic, transferències"
2015,G,2018/AGIB00/445,"A altres fundacions en què participa la CAIB, transferències"
2015,G,2018/AGIB00/447,"A entitats públiques empresarials i a altres ens públics, subvencions"
2015,G,2018/AGIB00/448,"A consorcis en què participa la CAIB, subvencions"
2015,G,2018/AGIB00/449,"A fundacions del sector públic autonòmic, subvencions"
2015,G,2018/AGIB00/451,A altres comunitats autònomes
2015,G,2018/AGIB00/460,A ajuntaments
2015,G,2018/AGIB00/461,A consells insulars
2015,G,2018/AGIB00/464,A empreses públiques i altres ens públics de corporacions locals
2015,G,2018/AGIB00/469,A altres ens territorials
2015,G,2018/AGIB00/470,A empreses privades
2015,G,2018/AGIB00/480,A famílies i institucions sense finalitat lucrativa
2015,G,2018/AGIB00/481,A centres d'ensenyament concertat
2015,G,2018/AGIB00/490,A l'exterior
2015,G,2018/AGIB00/500,Fons de contingència
2015,G,2018/AGIB00/600,Terrenys i béns naturals
2015,G,2018/AGIB00/601,Infraestructura i béns destinats a l'ús general
2015,G,2018/AGIB00/608,"Béns del patrimoni històric, artístic i cultural"
2015,G,2018/AGIB00/611,Infraestructura i béns destinats a l'ús general
2015,G,2018/AGIB00/618,"Béns del patrimoni històric, artístic i cultural"
2015,G,2018/AGIB00/622,Edificis i altres construccions
2015,G,2018/AGIB00/623,"Maquinària, instal·lacions i utillatge"
2015,G,2018/AGIB00/624,Elements de transport
2015,G,2018/AGIB00/625,Mobiliari i estris
2015,G,2018/AGIB00/626,Equips per a processos d'informació
2015,G,2018/AGIB00/629,Altre immobilitzat material
2015,G,2018/AGIB00/632,Edificis i altres construccions
2015,G,2018/AGIB00/633,"Maquinària, instal·lacions i utillatge"
2015,G,2018/AGIB00/634,Elements de transport
2015,G,2018/AGIB00/635,Mobiliari i estris
2015,G,2018/AGIB00/636,Equips per a processos d'informació
2015,G,2018/AGIB00/639,Altre immobilitzat material
2015,G,2018/AGIB00/640,Despeses en inversions de caràcter immaterial
2015,G,2018/AGIB00/700,A l'Administració General
2015,G,2018/AGIB00/701,A organismes autònoms
2015,G,2018/AGIB00/704,"A societats mercantils estatals, entitats empresarials i altres ens/organismes  públics"
2015,G,2018/AGIB00/720,Al Servei de Salut de les IB
2015,G,2018/AGIB00/740,"A societats mercantils públiques, transferències"
2015,G,2018/AGIB00/741,"A entitats públiques empresarials i a altres ens públics, transferències"
2015,G,2018/AGIB00/742,"A empreses vinculades a la CAIB, transferències"
2015,G,2018/AGIB00/743,"A consorcis en què participa la CAIB, transferències"
2015,G,2018/AGIB00/744,"A fundacions del sector públic autonòmic, transferències"
2015,G,2018/AGIB00/745,"A altres fundacions en què participa la CAIB, transferèncias"
2015,G,2018/AGIB00/747,"A entitats públiques empresarials i a altres ens públics, subvencions"
2015,G,2018/AGIB00/748,"A consorcis en què participa la CAIB, subvencions"
2015,G,2018/AGIB00/749,"A fundacions del sector públic autonòmic, subvencions"
2015,G,2018/AGIB00/760,A ajuntaments
2015,G,2018/AGIB00/761,A consells insulars
2015,G,2018/AGIB00/764,A empreses públiques i altres ens públics de corporacions locals
2015,G,2018/AGIB00/770,A empreses privades
2015,G,2018/AGIB00/780,A famílies i institucions sense finalitat lucrativa
2015,G,2018/AGIB00/790,A l'exterior
2015,G,2018/AGIB00/830,Concessió de préstecs fora del sector públic a curt termini
2015,G,2018/AGIB00/831,Concessió de préstecs fora del sector públic a largo plazo
2015,G,2018/AGIB00/913,Amortització de préstecs rebuts a llarg termini d'ens de fora del sector públic
2015,G,2018/ATIB00/100,Retribucions bàsiques i altres remuneracions
2015,G,2018/ATIB00/120,Retribucions bàsiques de funcionaris i personal estatutari
2015,G,2018/ATIB00/121,Retribucions complementàries de funcionaris i personal estatutari
2015,G,2018/ATIB00/130,Laboral fix
2015,G,2018/ATIB00/160,Quotes socials
2015,G,2018/ATIB00/162,Despeses socials a favor dels funcionaris i personal no laboral
2015,G,2018/ATIB00/202,Arrendaments d'edificis i d'altres construccions
2015,G,2018/ATIB00/204,Arrendaments de material de transport
2015,G,2018/ATIB00/212,D'edificis i d'altres construccions
2015,G,2018/ATIB00/216,D'equips per a processos d'informació
2015,G,2018/ATIB00/221,Subministraments
2015,G,2018/ATIB00/226,Despeses diverses
2015,G,2018/ATIB00/227,Treballs realitzats per altres empreses i professionals independents
2015,G,2018/ATIB00/230,"Dietes, locomoció i trasllats"
2015,G,2018/ATIB00/310,Interessos
2015,G,2018/ATIB00/640,Despeses en inversions de caràcter immaterial
2015,G,2018/SSIB00/100,Retribucions bàsiques i altres remuneracions
2015,G,2018/SSIB00/120,Retribucions bàsiques de funcionaris i personal estatutari
2015,G,2018/SSIB00/121,Retribucions complementàries de funcionaris i personal estatutari
2015,G,2018/SSIB00/125,Retribucions d'altre personal estatutari i temporal
2015,G,2018/SSIB00/130,Laboral fix
2015,G,2018/SSIB00/131,Laboral temporal
2015,G,2018/SSIB00/141,Retribucions d'altre personal
2015,G,2018/SSIB00/149,Retribucions de personal pendent d'integració a RLT
2015,G,2018/SSIB00/150,Productivitat
2015,G,2018/SSIB00/151,Gratificacions
2015,G,2018/SSIB00/160,Quotes socials
2015,G,2018/SSIB00/162,Despeses socials a favor dels funcionaris i personal no laboral
2015,G,2018/SSIB00/163,Despeses socials a favor del personal laboral
2015,G,2018/SSIB00/202,Arrendaments d'edificis i d'altres construccions
2015,G,2018/SSIB00/203,"Arrendaments de maquinària, instal·lacions i utillatge"
2015,G,2018/SSIB00/204,Arrendaments de material de transport
2015,G,2018/SSIB00/205,Arrendaments de mobiliari i estris
2015,G,2018/SSIB00/206,Arrendaments d'equips per al procés d'informació
2015,G,2018/SSIB00/212,D'edificis i d'altres construccions
2015,G,2018/SSIB00/213,"De maquinària, instal·lacions i utillatge"
2015,G,2018/SSIB00/214,De material de transport
2015,G,2018/SSIB00/215,De mobiliari i estris
2015,G,2018/SSIB00/216,D'equips per a processos d'informació
2015,G,2018/SSIB00/219,D'altre immobilitzat material
2015,G,2018/SSIB00/220,Material d'oficina
2015,G,2018/SSIB00/221,Subministraments
2015,G,2018/SSIB00/222,Comunicacions
2015,G,2018/SSIB00/223,Transports
2015,G,2018/SSIB00/224,Primes d'assegurances
2015,G,2018/SSIB00/225,Tributs
2015,G,2018/SSIB00/226,Despeses diverses
2015,G,2018/SSIB00/227,Treballs realitzats per altres empreses i professionals independents
2015,G,2018/SSIB00/230,"Dietes, locomoció i trasllats"
2015,G,2018/SSIB00/251,"Concerts amb institucions, atenció primària"
2015,G,2018/SSIB00/252,"Concerts amb institucions, atenció especialitzada"
2015,G,2018/SSIB00/253,"Concerts amb institucions, programes especials d'hemodiàlisi"
2015,G,2018/SSIB00/254,"Concerts amb institucions, serveis de diagnosi, tractament i teràpies"
2015,G,2018/SSIB00/255,"Concerts amb institucions, programa especial de transport"
2015,G,2018/SSIB00/258,Assistència sanitària prestada per tercers
2015,G,2018/SSIB00/259,Altres serveis d'assistència sanitària
2015,G,2018/SSIB00/310,Interessos
2015,G,2018/SSIB00/352,Interessos de demora
2015,G,2018/SSIB00/359,Altres despeses financeres
2015,G,2018/SSIB00/441,"A entitats públiques empresarials i a altres ens públics, transferències"
2015,G,2018/SSIB00/480,A famílies i institucions sense finalitat lucrativa
2015,G,2018/SSIB00/486,"Altres prestacions, indemnitzacions i entregues úniques reglamentàries"
2015,G,2018/SSIB00/489,Farmàcia
2015,G,2018/SSIB00/622,Edificis i altres construccions
2015,G,2018/SSIB00/623,"Maquinària, instal·lacions i utillatge"
2015,G,2018/SSIB00/624,Elements de transport
2015,G,2018/SSIB00/625,Mobiliari i estris
2015,G,2018/SSIB00/626,Equips per a processos d'informació
2015,G,2018/SSIB00/632,Edificis i altres construccions
2015,G,2018/SSIB00/633,"Maquinària, instal·lacions i utillatge"
2015,G,2018/SSIB00/634,Elements de transport
2015,G,2018/SSIB00/635,Mobiliari i estris
2015,G,2018/SSIB00/636,Equips per a processos d'informació
2015,G,2018/SSIB00/640,Despeses en inversions de caràcter immaterial
2015,G,2018/SSIB00/911,Amortizació de préstecs rebuts a llarg termini d'ens del sector públic
2015,G,2018/SSIB00/913,Amortització de préstecs rebuts a llarg termini d'ens de fora del sector públic
2015,G,2017/AGIB00/10000,Retribucions bàsiques
2015,G,2017/AGIB00/10001,Altres remuneracions d'alts càrrecs
2015,G,2017/AGIB00/10002,Triennis d'alts càrrecs
2015,G,2017/AGIB00/11000,Retribucions bàsiques del personal eventual
2015,G,2017/AGIB00/11001,Altres remuneracions del personal eventual
2015,G,2017/AGIB00/11002,Triennis del personal eventual
2015,G,2017/AGIB00/12000,Sous del grup A1/grup A
2015,G,2017/AGIB00/12001,Sous del grup A2/grup B
2015,G,2017/AGIB00/12002,Sous del grup C1/grup C
2015,G,2017/AGIB00/12003,Sous del grup C2/grup D
2015,G,2017/AGIB00/12004,Sous del personal d'agrupacions professionals/grup E
2015,G,2017/AGIB00/12005,Triennis
2015,G,2017/AGIB00/12009,Altres retribucions bàsiques
2015,G,2017/AGIB00/12100,Complement de destinació
2015,G,2017/AGIB00/12101,Complement específic
2015,G,2017/AGIB00/12102,Complement de productivitat compensada
2015,G,2017/AGIB00/12103,Indemnització per residència
2015,G,2017/AGIB00/12119,"Carrera i desenvolupament professional personal funcionari, a compta ..."
2015,G,2017/AGIB00/12121,Complement específic docent complementari per formació continuada
2015,G,2017/AGIB00/12199,Altres complements
2015,G,2017/AGIB00/12300,Indemnitzacions per destinació/residència a l'estranger
2015,G,2017/AGIB00/12600,Retribucions de funcionaris interins
2015,G,2017/AGIB00/13000,Retribucions bàsiques
2015,G,2017/AGIB00/13001,Complement de conveni
2015,G,2017/AGIB00/13002,Complement de compensació de costos d'insularitat
2015,G,2017/AGIB00/13004,Complement específic
2015,G,2017/AGIB00/13005,Triennis
2015,G,2017/AGIB00/13006,Complement de torns rotatius
2015,G,2017/AGIB00/13009,Altres complements
2015,G,2017/AGIB00/13100,Retribucions del personal laboral temporal
2015,G,2017/AGIB00/13107,Retribucions del personal d'estabilitat laboral
2015,G,2017/AGIB00/14100,Retribucions d'altre personal
2015,G,2017/AGIB00/15000,Productivitat
2015,G,2017/AGIB00/15100,Gratificacions
2015,G,2017/AGIB00/16000,Seguretat social
2015,G,2017/AGIB00/16009,Altres quotes socials
2015,G,2017/AGIB00/16200,Formació i perfeccionament del personal
2015,G,2017/AGIB00/16204,Acció social
2015,G,2017/AGIB00/16205,Assegurances
2015,G,2017/AGIB00/16209,Altres despeses socials
2015,G,2017/AGIB00/16304,Acció social
2015,G,2017/AGIB00/16309,Altres despeses socials
2015,G,2017/AGIB00/20000,Arrendaments de terrenys i béns naturals
2015,G,2017/AGIB00/20200,Arrendaments d'edificis i d'altres construccions
2015,G,2017/AGIB00/20300,Arrendaments maquinària instal·lacions i utillatge
2015,G,2017/AGIB00/20400,Arrendaments de material de transport
2015,G,2017/AGIB00/20500,Arrendaments de mobiliari i estris
2015,G,2017/AGIB00/20600,Arrendaments d'equips per al procés d'informació
2015,G,2017/AGIB00/20900,Cànons
2015,G,2017/AGIB00/21200,D'edificis i d'altres construccions
2015,G,2017/AGIB00/21300,"De maquinària, instal·lacions i utillatge"
2015,G,2017/AGIB00/21400,De material de transport
2015,G,2017/AGIB00/21500,De mobiliari i estris
2015,G,2017/AGIB00/21600,D'equips per a processos d'informació
2015,G,2017/AGIB00/21900,D'altre immobilitzat material
2015,G,2017/AGIB00/22000,Material d'oficina ordinari no inventariable
2015,G,2017/AGIB00/22001,"Premsa, revistes, llibres i altres publicacions"
2015,G,2017/AGIB00/22002,Material informàtic no inventariable
2015,G,2017/AGIB00/22009,Altre material d'oficina
2015,G,2017/AGIB00/22100,Energia elèctrica
2015,G,2017/AGIB00/22101,Aigua
2015,G,2017/AGIB00/22102,Gas
2015,G,2017/AGIB00/22103,Combustibles i carburants
2015,G,2017/AGIB00/22104,Vestuari
2015,G,2017/AGIB00/22105,Productes alimentaris
2015,G,2017/AGIB00/22106,Productes farmacèutics i material sanitari
2015,G,2017/AGIB00/22108,"Material esportiu, didàctic i cultural"
2015,G,2017/AGIB00/22109,Altres subministraments
2015,G,2017/AGIB00/22110,Calçat
2015,G,2017/AGIB00/22113,Combustible per a vehicles
2015,G,2017/AGIB00/22200,Telefòniques
2015,G,2017/AGIB00/22209,Altres comunicacions
2015,G,2017/AGIB00/22300,Transports
2015,G,2017/AGIB00/22301,Transport escolar
2015,G,2017/AGIB00/22400,Primes d'assegurances
2015,G,2017/AGIB00/22500,Tributs estatals
2015,G,2017/AGIB00/22501,Tributs autonòmics
2015,G,2017/AGIB00/22502,Tributs locals
2015,G,2017/AGIB00/22601,Atencions protocol·làries i de representació
2015,G,2017/AGIB00/22602,Publicitat i propaganda
2015,G,2017/AGIB00/22603,Despeses jurídiques i contencioses
2015,G,2017/AGIB00/22606,"Reunions, conferències i cursos"
2015,G,2017/AGIB00/22607,Oposicions i proves selectives
2015,G,2017/AGIB00/22609,Altres despeses diverses
2015,G,2017/AGIB00/22700,Neteja i endreç
2015,G,2017/AGIB00/22701,Seguretat
2015,G,2017/AGIB00/22702,Valoracions i peritatges
2015,G,2017/AGIB00/22703,Postals
2015,G,2017/AGIB00/22704,"Custòdia, dipòsit i emmagatzematge"
2015,G,2017/AGIB00/22705,Processos electorals
2015,G,2017/AGIB00/22706,Estudis i treballs tècnics
2015,G,2017/AGIB00/22709,Altres treballs
2015,G,2017/AGIB00/22900,Despeses de funcionament de centres escolars
2015,G,2017/AGIB00/22901,Despeses de funcionament de l'ES de Disseny
2015,G,2017/AGIB00/23000,"Dietes, locomoció i trasllats"
2015,G,2017/AGIB00/23009,Altres indemnitzacions per raó del servei
2015,G,2017/AGIB00/23100,Assistències i pernoctes
2015,G,2017/AGIB00/23900,Altres indemnitzacions
2015,G,2017/AGIB00/24000,Dotació per a serveis nous
2015,G,2017/AGIB00/24001,"Dotació per a serveis nous, despeses transitòries extinció CAIB Patrimoni SA"
2015,G,2017/AGIB00/26104,Concerts de serveis socials amb altres institucions
2015,G,2017/AGIB00/30003,"Interessos, obligacions CAIB 2005"
2015,G,2017/AGIB00/30005,"Interessos, obligacions CAIB 2010"
2015,G,2017/AGIB00/30006,"Intereses, obligaciones CAIB 2011"
2015,G,2017/AGIB00/30900,Altres despeses financeres
2015,G,2017/AGIB00/31000,Interessos
2015,G,2017/AGIB00/31009,Interessos de préstecs a curt termini
2015,G,2017/AGIB00/31900,Altres despeses financeres
2015,G,2017/AGIB00/35200,Interessos de demora
2015,G,2017/AGIB00/35980,Despeses financeres per cessió de crèdit
2015,G,2017/AGIB00/40000,A l'Administració General
2015,G,2017/AGIB00/40100,A organismes autònoms
2015,G,2017/AGIB00/40200,A la Seguretat Social
2015,G,2017/AGIB00/40400,"A societats mercantils estatals, entitats empresarials i altres ens públics"
2015,G,2017/AGIB00/42001,Al Servei Balear de Salut de les IB
2015,G,2017/AGIB00/42002,"Al Servei de Salut de les IB, subvenció"
2015,G,2017/AGIB00/44014,"Gestió d'Emergències de les IB, SA"
2015,G,2017/AGIB00/44015,"Multimèdia de les IB, SA"
2015,G,2017/AGIB00/44100,A entitats públiques empresarials i a altres ens públics de la CAIB
2015,G,2017/AGIB00/44101,Agència de Turisme de les IB
2015,G,2017/AGIB00/44103,Institut Balear de l'Habitatge
2015,G,2017/AGIB00/44104,Serveis Ferroviaris de Mallorca
2015,G,2017/AGIB00/44111,Institut Balear de la Natura
2015,G,2017/AGIB00/44112,Institut d'Innovació Empresarial de les IB
2015,G,2017/AGIB00/44113,Universitat de les IB
2015,G,2017/AGIB00/44114,Institut Balear d'Infraestructures i Serveis Educatius i Culturals de les IB
2015,G,2017/AGIB00/44116,Radiotelevisió de les IB
2015,G,2017/AGIB00/44117,Fons de Garantia Agrària i Pesquera de les IB
2015,G,2017/AGIB00/44118,Agència Balear de l'Aigua i de Qualitat Ambiental
2015,G,2017/AGIB00/44119,Ports de les IB
2015,G,2017/AGIB00/44121,Institut Balear de la Joventut
2015,G,2017/AGIB00/44123,"Universitat de les IB, complements retributius addicionals"
2015,G,2017/AGIB00/44129,Serveis de Millora Agrària
2015,G,2017/AGIB00/44130,Serveis Informació Territorial de les IB
2015,G,2017/AGIB00/44133,"Universitat de les IB, implantació dels estudis de grau en medicina"
2015,G,2017/AGIB00/44150,Agència Tributària de les IB
2015,G,2017/AGIB00/44300,A consorcis en que participa la CAIB
2015,G,2017/AGIB00/44301,Transports de Mallorca
2015,G,2017/AGIB00/44302,Centre Balears Europa
2015,G,2017/AGIB00/44320,"Música de les IB, Orquestra Simfònica de les IB"
2015,G,2017/AGIB00/44323,Protecció i Acollida de Persones Disminuïdes Psíquiques Profundes
2015,G,2017/AGIB00/44326,Escola d'Hoteleria
2015,G,2017/AGIB00/44339,Fons Mallorquí de Solidaritat i Cooperació
2015,G,2017/AGIB00/44340,Institut d'Estudis Baleàrics
2015,G,2017/AGIB00/44346,Agència de Qualitat Universitària de les IB
2015,G,2017/AGIB00/44348,Formentera Desenvolupament
2015,G,2017/AGIB00/44350,Ciutat Romana de Pol·lèntia
2015,G,2017/AGIB00/44351,Castell de Sant Carles
2015,G,2017/AGIB00/44352,Museu Militar de Menorca
2015,G,2017/AGIB00/44353,Foment d'Infraestructures Universitàries
2015,G,2017/AGIB00/44356,Recuperació de la Fauna i Vida Silvestre de les IB
2015,G,2017/AGIB00/44359,Eivissa Patrimoni de la Humanitat
2015,G,2017/AGIB00/44361,Desenvolupament d'infraestructures a l'Entitat Local de Palmayola
2015,G,2017/AGIB00/44363,Fons Menorquí de Cooperació
2015,G,2017/AGIB00/44364,Fons Pitiús de Cooperació
2015,G,2017/AGIB00/44365,Sistema d'Observació Costanera de les IB
2015,G,2017/AGIB00/44366,Pavelló Esportiu Multifuncional de Maó
2015,G,2017/AGIB00/44370,Gestió Sociosanitària d'Eivissa
2015,G,2017/AGIB00/44375,AlRecursos Sociosanitaris de les IB
2015,G,2017/AGIB00/44377,Velòdrom Palma Arena
2015,G,2017/AGIB00/44378,Infraestructures de les IB
2015,G,2017/AGIB00/44379,Aigües de les IB
2015,G,2017/AGIB00/44400,A fundacions en què participa la CAIB
2015,G,2017/AGIB00/44402,Illes Balears per a l'Esport
2015,G,2017/AGIB00/44403,Conservatori de Música
2015,G,2017/AGIB00/44404,Institut Socioeducatiu s'Estel
2015,G,2017/AGIB00/44414,Robert Graves
2015,G,2017/AGIB00/44417,Teatre Principal d'Inca
2015,G,2017/AGIB00/44421,Banc de Sang i Teixits de les IB
2015,G,2017/AGIB00/44422,Escola Superior d'Art Dramàtic de les IB
2015,G,2017/AGIB00/44423,Investigació Sanitària de les IB Ramón Llull
2015,G,2017/AGIB00/44424,Atenció i Suport a la Dependència i Promoció de l'Autonomia Personal de Persones amb Discapacitats
2015,G,2017/AGIB00/44429,Santuari de Lluc
2015,G,2017/AGIB00/44431,Balear d'Innovació i Tecnologia
2015,G,2017/AGIB00/44501,Àrea de Creació Acústica
2015,G,2017/AGIB00/44503,Coll Bardolet
2015,G,2017/AGIB00/44504,"Es Baluard, Museu d'Art Contemporani"
2015,G,2017/AGIB00/44505,Menorquina de l'Òpera
2015,G,2017/AGIB00/44507,Teatre del Mar
2015,G,2017/AGIB00/44508,Escola de Pràctica Jurídica
2015,G,2017/AGIB00/44510,Jardí Botànic de Sóller
2015,G,2017/AGIB00/44512,Teatre Principal e Maò
2015,G,2017/AGIB00/44614,"Gestió d'Emergències de les IB, SA"
2015,G,2017/AGIB00/44615,"Multimèdia de les IB, SA"
2015,G,2017/AGIB00/44700,A entitats públiques empresarials i a altres ens públics de la CAIB
2015,G,2017/AGIB00/44701,Agència de Turisme de les IB
2015,G,2017/AGIB00/44703,Institut Balear de l'Habitatge
2015,G,2017/AGIB00/44704,Serveis Ferroviaris de Mallorca
2015,G,2017/AGIB00/44711,Institut Balear de la Natura
2015,G,2017/AGIB00/44712,Institut d'Innovació Empresarial de les IB
2015,G,2017/AGIB00/44713,Universitat de les IB
2015,G,2017/AGIB00/44716,Radiotelevisió de les IB
2015,G,2017/AGIB00/44717,Fons de Garantia Agrària i Pesquera de les IB
2015,G,2017/AGIB00/44718,Agència Balear de l'Aigua i de Qualitat Ambiental
2015,G,2017/AGIB00/44719,Ports de les IB
2015,G,2017/AGIB00/44721,Institut Balear de la Joventut
2015,G,2017/AGIB00/44729,Serveis de Millora Agrària
2015,G,2017/AGIB00/44730,Serveis Informació Territorial de les IB
2015,G,2017/AGIB00/44826,Escola d'Hoteleria
2015,G,2017/AGIB00/44865,Sistema d'Observació Costanera IB
2015,G,2017/AGIB00/44900,A fundacions en què participa la CAIB
2015,G,2017/AGIB00/44902,Illes Balears per a l'Esport
2015,G,2017/AGIB00/44904,Institut Socioeducatiu s'Estel
2015,G,2017/AGIB00/44921,Banc de Sang i Teixits IB
2015,G,2017/AGIB00/44922,Escola Superior d'Art Dramàtic de les IB
2015,G,2017/AGIB00/44923,Investigació Sanitària de les IB Ramon Llull
2015,G,2017/AGIB00/44924,Atenció i Suport a la Dependència i Promoció de l'Autonomia Personal de Persones amb Discapacitats
2015,G,2017/AGIB00/44931,Balear d'Innovació i Tecnologia
2015,G,2017/AGIB00/45100,A altres comunitats autònomes
2015,G,2017/AGIB00/45104,A empreses públiques i altres ens públics
2015,G,2017/AGIB00/46000,A ajuntaments
2015,G,2017/AGIB00/46001,"A ajuntaments, subvencions"
2015,G,2017/AGIB00/46100,A consells insulars
2015,G,2017/AGIB00/46101,"A consells insulars, subvencions"
2015,G,2017/AGIB00/46110,"A consells insulars, renda mínima d'inserció social"
2015,G,2017/AGIB00/46111,"A consells insulars, fons interinsular de finançament de serveis"
2015,G,2017/AGIB00/46113,"A consells insulars, fons per al finançament de competències no homogènies"
2015,G,2017/AGIB00/46114,"A consells insulars, programa de valors esportius"
2015,G,2017/AGIB00/46400,A empreses públiques i altres ens públics de corporacions locals
2015,G,2017/AGIB00/46401,"A empreses públiques i altres ens públics de corporacions locals, subvencions"
2015,G,2017/AGIB00/46900,A altres ens territorials
2015,G,2017/AGIB00/46901,"A altres ens territorials, subvencions"
2015,G,2017/AGIB00/47000,A empreses privades
2015,G,2017/AGIB00/48000,A famílies i institucions sense finalitat lucrativa
2015,G,2017/AGIB00/48015,"A famílies i institucions, beques i ajuts RD 395/2007"
2015,G,2017/AGIB00/48016,Tribunal d'Arbitratge i Mediació de les IB
2015,G,2017/AGIB00/48021,"A famílies i institucions, subvencions per a menjadors escolars"
2015,G,2017/AGIB00/48035,"A famílies i institucions, subvencions per al transport marítim regular"
2015,G,2017/AGIB00/48044,Federació d'Entitats Locals de les IB
2015,G,2017/AGIB00/48046,"A famílies i institucions, subvencions per a la gratuïtat del túnel Sóller per als residents"
2015,G,2017/AGIB00/48048,"A famílies i institucions, ajuts i subvencions per a trasllats interilles d'esportistes"
2015,G,2017/AGIB00/48076,"A famílies i institucions, ajuts i subvencions per a tecnificació esportiva"
2015,G,2017/AGIB00/48077,"A famílies i institucions, ajuts i subvencions per a projectes socioeducatius a centres escolars"
2015,G,2017/AGIB00/48101,A centres d'ensenyament concertats
2015,G,2017/AGIB00/49000,A l'exterior
2015,G,2017/AGIB00/50000,Fons de contingència
2015,G,2017/AGIB00/60000,Terrenys i béns naturals
2015,G,2017/AGIB00/60002,Indemnitzacions per desclassificació de sòl urbanitzable
2015,G,2017/AGIB00/60100,Infraestructura i béns destinats a l'ús general
2015,G,2017/AGIB00/60800,"Béns del patrimoni històric, artístic i cultural"
2015,G,2017/AGIB00/60801,Adquisició de béns museístics
2015,G,2017/AGIB00/61100,Infraestructures i béns destinats a l'ús general
2015,G,2017/AGIB00/61106,Infraestructures hidràuliques
2015,G,2017/AGIB00/61107,Infraestructures i manteniment de la xarxa de depuradores
2015,G,2017/AGIB00/61800,"Béns del patrimoni històric, artístic i cultural"
2015,G,2017/AGIB00/62200,Edificis i altres construccions
2015,G,2017/AGIB00/62201,Construccions noves en curs
2015,G,2017/AGIB00/62301,Instal·lacions tècniques
2015,G,2017/AGIB00/62302,Maquinària
2015,G,2017/AGIB00/62303,Utillatge
2015,G,2017/AGIB00/62307,Instal:lacions tècniques en curs
2015,G,2017/AGIB00/62400,Elements de transport
2015,G,2017/AGIB00/62500,Mobiliari i estris
2015,G,2017/AGIB00/62599,Equipament per a centres educatius
2015,G,2017/AGIB00/62600,Equips per a processos d'informació
2015,G,2017/AGIB00/62900,Altre immobilitzat material
2015,G,2017/AGIB00/62990,Inversió realitzada per compta d'altres ens
2015,G,2017/AGIB00/62999,Inversió d'ens estatutaris
2015,G,2017/AGIB00/63200,Edificis i altres construccions
2015,G,2017/AGIB00/63201,Edificis i altres construccions en curs
2015,G,2017/AGIB00/63301,Instal·lacions tècniques
2015,G,2017/AGIB00/63302,Maquinària
2015,G,2017/AGIB00/63303,Utillatge
2015,G,2017/AGIB00/63400,Elements de transport
2015,G,2017/AGIB00/63500,Mobiliari i estris
2015,G,2017/AGIB00/63501,Equips d'oficina i electrodomèstics
2015,G,2017/AGIB00/63600,Equips per a processos d'informació
2015,G,2017/AGIB00/63900,Altre immobilitzat material
2015,G,2017/AGIB00/63990,Inversió per compta d'altres ens
2015,G,2017/AGIB00/63999,Inversió d'ens estatutaris
2015,G,2017/AGIB00/64000,Despeses en inversions de caràcter immaterial
2015,G,2017/AGIB00/64001,Aplicacions informàtiques i software
2015,G,2017/AGIB00/70000,A l'Administració General
2015,G,2017/AGIB00/70100,A organismes autònoms
2015,G,2017/AGIB00/70400,"A societats mercantils estatals, entitats empresarials i altres organismes públics"
2015,G,2017/AGIB00/72001,Al Servei de Salut de les IB
2015,G,2017/AGIB00/74014,"Gestió d'Emergències de les Illes Balears, SA"
2015,G,2017/AGIB00/74015,"Multimèdia de les IB, SA"
2015,G,2017/AGIB00/74101,Agència de Turisme de les IB
2015,G,2017/AGIB00/74103,A l'Institut Balear de l'Habitatge
2015,G,2017/AGIB00/74104,Serveis Ferroviaris de Mallorca
2015,G,2017/AGIB00/74111,Institut Balear de la Natura
2015,G,2017/AGIB00/74112,Institut d'Innovació Empresarial de les IB
2015,G,2017/AGIB00/74113,Universitat de les IB
2015,G,2017/AGIB00/74114,Institut d'Infraestructures i Serveis Educatius i Culturals de les IB
2015,G,2017/AGIB00/74117,Fons de Garantia Agrària i Pesquera de les IB
2015,G,2017/AGIB00/74118,Agència Balear de l'Aigua i de Qualitat Ambiental
2015,G,2017/AGIB00/74119,Ports de les IB
2015,G,2017/AGIB00/74121,Institut Balear de la Joventut
2015,G,2017/AGIB00/74129,Serveis de Millora Agrària
2015,G,2017/AGIB00/74130,Serveis Informació Territorial de les IB
2015,G,2017/AGIB00/74150,Agència Tributària de les IB
2015,G,2017/AGIB00/74202,"ISBA, SGR"
2015,G,2017/AGIB00/74300,A consorcis en que participa la CAIB
2015,G,2017/AGIB00/74301,Transports de Mallorca
2015,G,2017/AGIB00/74302,Centre Balears Europa
2015,G,2017/AGIB00/74326,Al consorci escola d'hoteleria
2015,G,2017/AGIB00/74339,Al Fons Mallorquí de Solidaritat i Cooperació
2015,G,2017/AGIB00/74340,Institut d'Estudis Baleàrics
2015,G,2017/AGIB00/74348,Formentera Desenvolupament
2015,G,2017/AGIB00/74352,Museu Militar de Menorca
2015,G,2017/AGIB00/74353,Foment d'Infraestrutures Universitàries
2015,G,2017/AGIB00/74356,Recuperació de la Fauna i Vida Silvestre de les IB
2015,G,2017/AGIB00/74359,Eivissa Patrimoni de la Humanitat
2015,G,2017/AGIB00/74361,Desenvolupament d'Infraestructures a l'Entitat Local de Palmanyola
2015,G,2017/AGIB00/74363,Fons Menorquí de Cooperació
2015,G,2017/AGIB00/74364,Fons Pitiús de Cooperació
2015,G,2017/AGIB00/74365,Sistema d'Observació Costanera de les IB
2015,G,2017/AGIB00/74366,Pavelló Esportiu Multifuncional de Maó
2015,G,2017/AGIB00/74375,Recursos Sociosanitaris de les IB
2015,G,2017/AGIB00/74377,Velòdrom Palma Arena
2015,G,2017/AGIB00/74378,Infraestructures de les IB
2015,G,2017/AGIB00/74379,Aigües de les IB
2015,G,2017/AGIB00/74402,Esport Balear
2015,G,2017/AGIB00/74404,Institut Socioeducatiu s'Estel
2015,G,2017/AGIB00/74414,Robert Graves
2015,G,2017/AGIB00/74417,Teatre Principal d'Inca
2015,G,2017/AGIB00/74423,Investigació Sanitària de les IB Ramón Llull
2015,G,2017/AGIB00/74429,Santuari de Lluc
2015,G,2017/AGIB00/74431,Balear d'Innovació i Tecnologia
2015,G,2017/AGIB00/74513,Fundació Enciclopèdia de Menorca
2015,G,2017/AGIB00/74700,A empreses públiques no societàries i altres ens públics de la CAIB
2015,G,2017/AGIB00/74701,"Agència de Turisme de les IB, subvencions"
2015,G,2017/AGIB00/74704,"Serveis Ferroviaris de Mallorca, transferències"
2015,G,2017/AGIB00/74711,"Institut d'Innovació Empresarial de les IB, subvencions"
2015,G,2017/AGIB00/74713,Universitat de les IB
2015,G,2017/AGIB00/74717,"Fons de Garantia Agrària i Pesquera de les IB, subvencions"
2015,G,2017/AGIB00/74718,"Agència Balear de l'Aigua i de Qualitat Ambiental, subvencions"
2015,G,2017/AGIB00/74801,"Transports de Mallorca, subvencions"
2015,G,2017/AGIB00/74820,"Conservatori de Música de les IB, subvencions"
2015,G,2017/AGIB00/74865,Sistema d'Observació Costanera de les IB
2015,G,2017/AGIB00/74921,Banc de Sang i Teixits de les IB
2015,G,2017/AGIB00/74923,Investigació Sanitària de les IB Ramon Llull
2015,G,2017/AGIB00/76000,A ajuntaments
2015,G,2017/AGIB00/76096,"A ajuntaments, fons de seguretat pública"
2015,G,2017/AGIB00/76097,"A ajuntaments, Palma, transferències derivades de la Llei de capitalitat"
2015,G,2017/AGIB00/76099,"A ajuntaments, fons de cooperació municipal"
2015,G,2017/AGIB00/76100,A consells insulars
2015,G,2017/AGIB00/76111,"A consells insulars, fons interinsular de finançament de serveis"
2015,G,2017/AGIB00/76112,"A consells insulars, fons de compensació interinsular"
2015,G,2017/AGIB00/76400,A empreses públiques i altres ens públics de corporacions locals
2015,G,2017/AGIB00/76401,"A empreses públiques i altres ens públics de corporacions locals, subvencions"
2015,G,2017/AGIB00/77000,A empreses privades
2015,G,2017/AGIB00/78000,A famílies i institucions sense finalitat lucrativa
2015,G,2017/AGIB00/79000,A l'exterior
2015,G,2017/AGIB00/82007,A empreses vinculades i a altres ens participats per la CAIB
2015,G,2017/AGIB00/82104,A empreses públiques i altres ens públics
2015,G,2017/AGIB00/83008,A famílies i institucions sense finalitat lucrativa
2015,G,2017/AGIB00/83108,A famílies i institucions sense finalitat lucrativa
2015,G,2017/AGIB00/90100,Amortització de deute públic en euros a llarg termini
2015,G,2017/AGIB00/91300,Amortització de préstecs a llarg termini d'ens de fora del sector públic
2015,G,2017/ATIB00/10000,Retribucions bàsiques
2015,G,2017/ATIB00/10001,Altres remuneracions d'alts càrrecs
2015,G,2017/ATIB00/12000,Sous del grup A1/grup A
2015,G,2017/ATIB00/12001,Sous del grup A2/grup B
2015,G,2017/ATIB00/12002,Sous del grup C1/grup C
2015,G,2017/ATIB00/12003,Sous del grup C2/grup D
2015,G,2017/ATIB00/12004,Sous del personal d'agrupacions professionals/grup E
2015,G,2017/ATIB00/12005,Triennis
2015,G,2017/ATIB00/12009,Altres retribucions bàsiques
2015,G,2017/ATIB00/12100,Complement de destinació
2015,G,2017/ATIB00/12101,Complement específic
2015,G,2017/ATIB00/12102,Complement de productivitat compensada
2015,G,2017/ATIB00/12103,Indemnització per residència
2015,G,2017/ATIB00/12119,"Carrera i desenvolupament professional personal funcionari, a compta ..."
2015,G,2017/ATIB00/12199,Altres complements
2015,G,2017/ATIB00/12600,Retribucions de funcionaris interins
2015,G,2017/ATIB00/13000,Retribucions bàsiques
2015,G,2017/ATIB00/13001,Complement de conveni
2015,G,2017/ATIB00/13002,Complement de compensació de costos d'insularitat
2015,G,2017/ATIB00/13004,Complement específic
2015,G,2017/ATIB00/13005,Triennis
2015,G,2017/ATIB00/13009,Altres complements
2015,G,2017/ATIB00/13100,Retribucions del personal laboral temporal
2015,G,2017/ATIB00/15100,Gratificacions
2015,G,2017/ATIB00/16000,Seguretat social
2015,G,2017/ATIB00/16204,Acció social
2015,G,2017/ATIB00/16304,Acció social
2015,G,2017/ATIB00/20200,Arrendaments d'edificis i d'altres construccions
2015,G,2017/ATIB00/20400,Arrendaments de material de transport
2015,G,2017/ATIB00/21200,D'edificis i d'altres construccions
2015,G,2017/ATIB00/21300,"De maquinària, instal·lacions i utillatge"
2015,G,2017/ATIB00/21600,D'equips per a processos d'informació
2015,G,2017/ATIB00/22000,Material d'oficina ordinari no inventariable
2015,G,2017/ATIB00/22001,"Premsa, revistes, llibres i altres publicacions"
2015,G,2017/ATIB00/22002,Material informàtic no inventariable
2015,G,2017/ATIB00/22100,Energia elèctrica
2015,G,2017/ATIB00/22101,Aigua
2015,G,2017/ATIB00/22109,Altres subministraments
2015,G,2017/ATIB00/22601,Atencions protocol·làries i de representació
2015,G,2017/ATIB00/22602,Publicitat i propaganda
2015,G,2017/ATIB00/22603,Despeses jurídiques i contencioses
2015,G,2017/ATIB00/22609,Altres despeses diverses
2015,G,2017/ATIB00/22700,Neteja i endreç
2015,G,2017/ATIB00/22701,Seguretat
2015,G,2017/ATIB00/22706,Estudis i treballs tècnics
2015,G,2017/ATIB00/22708,Serveis de recaptació
2015,G,2017/ATIB00/22709,Altres treballs
2015,G,2017/ATIB00/23000,"Dietes, locomoció i trasllats"
2015,G,2017/ATIB00/31009,Interessos de préstecs a curt termini
2015,G,2017/ATIB00/62600,Equips per a processos d'informació
2015,G,2017/ATIB00/64000,Despeses en inversions de caràcter immaterial
2015,G,2017/SSIB00/10000,Retribucions bàsiques d'alts càrrecs
2015,G,2017/SSIB00/10001,Altres remuneracions d'alts càrrecs
2015,G,2017/SSIB00/12000,Sous del grup A1/grup A
2015,G,2017/SSIB00/12001,Sous del grup A2/grup B
2015,G,2017/SSIB00/12002,Sous del grup C1/grup C
2015,G,2017/SSIB00/12003,Sous del grup C2/grup D
2015,G,2017/SSIB00/12004,Sous del personal d'agrupacions professionals/grup E
2015,G,2017/SSIB00/12005,Triennis
2015,G,2017/SSIB00/12006,"SSous del grup A1, personal de contingent"
2015,G,2017/SSIB00/12009,Altres retribucions bàsiques
2015,G,2017/SSIB00/12100,Complement de destinació
2015,G,2017/SSIB00/12101,Complement específic
2015,G,2017/SSIB00/12102,Complement de productivitat compensada
2015,G,2017/SSIB00/12103,Indemnització per residència
2015,G,2017/SSIB00/12105,Complement específic personal facultatiu
2015,G,2017/SSIB00/12106,"Complement específic, personal sanitari  no facultatiu"
2015,G,2017/SSIB00/12108,"Complement específic, personal no sanitari per turnicitat"
2015,G,2017/SSIB00/12109,"Altres complements, personal facultatiu per atenció continuada"
2015,G,2017/SSIB00/12111,Complement específic variable
2015,G,2017/SSIB00/12113,"Complement per atenció continuada, personal no sanitari"
2015,G,2017/SSIB00/12115,Coplements transitoris absorbibles
2015,G,2017/SSIB00/12116,Retribucions complementàries personal contingent
2015,G,2017/SSIB00/12117,Altres complements
2015,G,2017/SSIB00/12118,"Complement específic per turnicitat, personal sanitari no facultatiu"
2015,G,2017/SSIB00/12119,Carrera i desenvolupament professional personal funcionari i estatutari
2015,G,2017/SSIB00/12122,"Complement per atenció continuada, personal sanitari no facultatiu"
2015,G,2017/SSIB00/12500,Sous subgrup A1 personal estaturi temporal
2015,G,2017/SSIB00/12501,Sous subgrup A2 personal estaturi temporal
2015,G,2017/SSIB00/12502,Sous subgrup C1 personal estaturi temporal
2015,G,2017/SSIB00/12503,Sous subgrup C2 personal estaturi temporal
2015,G,2017/SSIB00/12504,Sous del personal d'agrupacions professionals personal estatutario temporal
2015,G,2017/SSIB00/12506,Complement de destinació personal estatatutari temporal
2015,G,2017/SSIB00/12507,Complement específic personal no sanitari temporal
2015,G,2017/SSIB00/12508,"Indemnitzacions per residència, personal estatutari temporal"
2015,G,2017/SSIB00/12509,"Complement específic, personal sanitari no facultatiu temporal"
2015,G,2017/SSIB00/12510,Complement específic personal facultatiu temporal
2015,G,2017/SSIB00/12511,"Complement específic per atenció continuada, personal facultatiu temporal"
2015,G,2017/SSIB00/12512,"Complement específic per atenció continuada, personal sanitari no facultatiu temporal"
2015,G,2017/SSIB00/12513,"Complement específic per atenció continuada, personal no sanitari temporal"
2015,G,2017/SSIB00/12515,Triennis d'altre personal estatutari temporal
2015,G,2017/SSIB00/12519,"Carrera i desenvolupament professional, personal estatutari temporal"
2015,G,2017/SSIB00/13000,Retribucions bàsiques
2015,G,2017/SSIB00/13001,Complement de conveni
2015,G,2017/SSIB00/13002,Complement de compensació de costos d'insularitat
2015,G,2017/SSIB00/13004,Complement específic
2015,G,2017/SSIB00/13005,Triennis
2015,G,2017/SSIB00/13006,Complement de torns rotatius
2015,G,2017/SSIB00/13009,Altres complements
2015,G,2017/SSIB00/13100,Retribucions del personal laboral temporal
2015,G,2017/SSIB00/14100,Retribucions d'altre personal
2015,G,2017/SSIB00/14900,Retribucions de personal transferit pendent d'integració a la RLT
2015,G,2017/SSIB00/15000,Productivitat
2015,G,2017/SSIB00/15001,"Productivitat, factor fix personal estatutari"
2015,G,2017/SSIB00/15002,"Productivitat, factor fix APD personal estatutari"
2015,G,2017/SSIB00/15003,"Productivitat, factor variable personal estatutari"
2015,G,2017/SSIB00/15004,"PProductivitat, factor fix personal estatutari temporal"
2015,G,2017/SSIB00/15005,"Productivitat, factor variable personal estatutari temporal"
2015,G,2017/SSIB00/15100,Gratificacions
2015,G,2017/SSIB00/16000,Seguretat social
2015,G,2017/SSIB00/16009,Altres quotes socials
2015,G,2017/SSIB00/16200,Formació i perfeccionament del personal
2015,G,2017/SSIB00/16204,Acció social
2015,G,2017/SSIB00/16207,"Acció social, personal estatutari temporal"
2015,G,2017/SSIB00/16209,Altres despeses socials
2015,G,2017/SSIB00/16304,Acció social
2015,G,2017/SSIB00/20200,Arrendaments d'edificis i d'altres construccions
2015,G,2017/SSIB00/20300,"Arrendaments de maquinària, instal·lacions i utillatge"
2015,G,2017/SSIB00/20301,Arrendaments i cànons maquinària
2015,G,2017/SSIB00/20302,Arrendaments i cànons utillatge
2015,G,2017/SSIB00/20400,Arrendaments de material de transport
2015,G,2017/SSIB00/20500,Arrendaments de mobiliari i estris
2015,G,2017/SSIB00/20600,Arrendaments d'equips per al procés d'informació
2015,G,2017/SSIB00/20800,Arrendaments d'altre immobilitzat material
2015,G,2017/SSIB00/21200,D'edificis i d'altres construccions
2015,G,2017/SSIB00/21300,"De maquinària, instal·lacions i utillatge"
2015,G,2017/SSIB00/21301,Reparacions de maquinària
2015,G,2017/SSIB00/21302,Reparacions utillatge
2015,G,2017/SSIB00/21304,D'aparells medico assistencials
2015,G,2017/SSIB00/21400,De material de transport
2015,G,2017/SSIB00/21500,De mobiliari i estris
2015,G,2017/SSIB00/21600,D'equips per a processos d'informació
2015,G,2017/SSIB00/21900,D'altre immobilitzat material
2015,G,2017/SSIB00/22000,Material d'oficina ordinari no inventariable
2015,G,2017/SSIB00/22001,"Premsa, revistes, llibres i altres publicacions"
2015,G,2017/SSIB00/22100,Energia elèctrica
2015,G,2017/SSIB00/22101,Aigua
2015,G,2017/SSIB00/22102,Gas
2015,G,2017/SSIB00/22103,Combustibles i carburants
2015,G,2017/SSIB00/22104,Vestuari
2015,G,2017/SSIB00/22105,Productes alimentaris
2015,G,2017/SSIB00/22109,Altres subministraments
2015,G,2017/SSIB00/22110,Calçat
2015,G,2017/SSIB00/22111,Altres productes alimentaris
2015,G,2017/SSIB00/22113,Combustible per a vehicles
2015,G,2017/SSIB00/22120,Antiinfecciosos
2015,G,2017/SSIB00/22121,Antineoplàsics i immunomoduladors
2015,G,2017/SSIB00/22122,Sang i òrgans hematopotètics
2015,G,2017/SSIB00/22123,Fàrmacs del sistema nerviós central
2015,G,2017/SSIB00/22124,fàrmacs del sistema musculoesquelètic
2015,G,2017/SSIB00/22125,Fàrmacs de l'aparell digestiu i per al metabolisme
2015,G,2017/SSIB00/22126,Fàrmacs de l'aparell cardiovascular
2015,G,2017/SSIB00/22127,Altres fàrmacs i productes específics
2015,G,2017/SSIB00/22128,Material de radiodiagnosi
2015,G,2017/SSIB00/22129,Material per a anàlisis
2015,G,2017/SSIB00/22130,"Material quirúrgic, assistencial"
2015,G,2017/SSIB00/22131,Material diàlisi
2015,G,2017/SSIB00/22132,Reactius i anàlegs
2015,G,2017/SSIB00/22133,Material d'ortopèdia
2015,G,2017/SSIB00/22134,Gasos medicinals
2015,G,2017/SSIB00/22135,Material medicina nuclear
2015,G,2017/SSIB00/22136,Implants i osteosíntesi
2015,G,2017/SSIB00/22137,Instrumental i petit utillatge sanitari
2015,G,2017/SSIB00/22138,Material de banc de sang
2015,G,2017/SSIB00/22140,MMaterial de reparacions i conservació
2015,G,2017/SSIB00/22141,Material de neteja
2015,G,2017/SSIB00/22142,Instrumental i petit utillatge per a ús no sanitari
2015,G,2017/SSIB00/22143,Neteja i endreç
2015,G,2017/SSIB00/22199,Subministraments diversos
2015,G,2017/SSIB00/22200,Telefòniques
2015,G,2017/SSIB00/22209,Altres comunicacions
2015,G,2017/SSIB00/22300,Transports
2015,G,2017/SSIB00/22400,Primes d'assegurances
2015,G,2017/SSIB00/22401,"Primes d'assegurances, incendis"
2015,G,2017/SSIB00/22402,"Primes d'assegurances, equips d'alta tecnologia"
2015,G,2017/SSIB00/22403,"Primes d'assegurances, elements de transport"
2015,G,2017/SSIB00/22404,"Primes d'assegurances, responsabilitat civil"
2015,G,2017/SSIB00/22500,Tributs estatals
2015,G,2017/SSIB00/22501,Tributs autonòmics
2015,G,2017/SSIB00/22502,Tributs locals
2015,G,2017/SSIB00/22601,Atencions protocol·làries i de representació
2015,G,2017/SSIB00/22602,Publicitat i propaganda
2015,G,2017/SSIB00/22603,Despeses jurídiques i contencioses
2015,G,2017/SSIB00/22605,Assistència religiosa
2015,G,2017/SSIB00/22606,"Reunions, conferències i cursos"
2015,G,2017/SSIB00/22607,Oposicions i proves selectives
2015,G,2017/SSIB00/22609,Altres despeses diverses
2015,G,2017/SSIB00/22610,Altres serveis
2015,G,2017/SSIB00/22700,Neteja i endreç
2015,G,2017/SSIB00/22701,Seguretat
2015,G,2017/SSIB00/22703,Postals
2015,G,2017/SSIB00/22704,"Custòdia, dipòsit i emmagatzematge"
2015,G,2017/SSIB00/22706,Estudis i treballs tècnics
2015,G,2017/SSIB00/22707,Bugaderia
2015,G,2017/SSIB00/22708,Serveis de recaptació
2015,G,2017/SSIB00/22709,Altres treballs
2015,G,2017/SSIB00/22711,"Serveis assistencials d'altres empreses, laboratoris"
2015,G,2017/SSIB00/22712,Restauració
2015,G,2017/SSIB00/22713,"Serveis no assistencials d'altres empreses, jardineria"
2015,G,2017/SSIB00/22714,"Serveis no assistencials d'altres empreses, manteniment ascensors"
2015,G,2017/SSIB00/22715,"Serveis no assistencials d'altres empreses, altres"
2015,G,2017/SSIB00/22718,Serveis de professionals independents
2015,G,2017/SSIB00/22719,"Serveis de professionals independents, altres"
2015,G,2017/SSIB00/22720,Gestió de residus
2015,G,2017/SSIB00/22721,Prevenció de riscs laborals
2015,G,2017/SSIB00/22722,Consultoria de sistemes d'informació
2015,G,2017/SSIB00/22723,Consultoria de qualitat i medi ambient
2015,G,2017/SSIB00/22724,Manteniment aparells sanitaris de l'Hospital de Son Espases
2015,G,2017/SSIB00/23000,"Dietes, locomoció i trasllats"
2015,G,2017/SSIB00/23001,Locomoció
2015,G,2017/SSIB00/25102,"Serveis assistencials concertats/prestats per tercers, PADI programa d'atenció dental infantil"
2015,G,2017/SSIB00/25200,"Serveis assistencials concertats/prestats per tercers, atenció especialitzada"
2015,G,2017/SSIB00/25300,"Serveis assistencials concertats/prestats per tercers, programes especials d'hemodiàlisi"
2015,G,2017/SSIB00/25301,"Serveis assistencials concertats/prestats per tercers, club diàlisi"
2015,G,2017/SSIB00/25405,"Serveis assistencials concertats/prestats per tercers, Medisub càmera hiperbàrica"
2015,G,2017/SSIB00/25406,"Serveis assistencials concertats/prestats per tercers, teràpies respiratòries"
2015,G,2017/SSIB00/25408,"Serveis assistencials concertats/prestats per tercers, RMN ressonància magnètica nuclear"
2015,G,2017/SSIB00/25409,"Serveis assistencials concertats/prestats per tercers, altres tècniques de diagnosi per imatge"
2015,G,2017/SSIB00/25500,"Serveis assistencials concertats/prestats per tercers, transport sanitari terrestre"
2015,G,2017/SSIB00/25501,"Serveis assistencials concertats/prestats per tercers, transport sanitari aeri"
2015,G,2017/SSIB00/25800,Serveis assistencials concertats/prestats per tercers
2015,G,2017/SSIB00/25900,Altres serveis d'assistència sanitària
2015,G,2017/SSIB00/31000,Interessos
2015,G,2017/SSIB00/35200,Interessos de demora
2015,G,2017/SSIB00/35900,Altres despeses financeres
2015,G,2017/SSIB00/35990,"Interessos d'arrendaments financers amb opció de compra, leasing"
2015,G,2017/SSIB00/48000,A famílies i institucions sense finalitat lucrativa
2015,G,2017/SSIB00/48604,"Entregues per a desplaçaments, particulars"
2015,G,2017/SSIB00/48605,Entregues per a desplaçaments
2015,G,2017/SSIB00/48606,Entregues per a pròtesis
2015,G,2017/SSIB00/48607,Entregues per a vehicles per a minusvàlids
2015,G,2017/SSIB00/48900,Receptes mèdiques
2015,G,2017/SSIB00/48910,Reintegrament de despeses de farmàcia
2015,G,2017/SSIB00/48911,"Reintegrament de despeses de farmàcia, dispensació ambulatòria"
2015,G,2017/SSIB00/62200,Edificis i altres construccions
2015,G,2017/SSIB00/62201,Construccions noves en curs
2015,G,2017/SSIB00/62302,Maquinària
2015,G,2017/SSIB00/62303,Utillatge
2015,G,2017/SSIB00/62304,Equips i aparells medicoassistencials
2015,G,2017/SSIB00/62306,Instal·lacions tècniques
2015,G,2017/SSIB00/62400,Elements de transport
2015,G,2017/SSIB00/62501,Equips d'oficina i electrodomèstics
2015,G,2017/SSIB00/62502,Mobiliari
2015,G,2017/SSIB00/62600,Equips per a processos d'informació
2015,G,2017/SSIB00/63201,Construccions en curs
2015,G,2017/SSIB00/63302,Maquinària
2015,G,2017/SSIB00/63303,Utillatge
2015,G,2017/SSIB00/63304,Equips i aparells medicoassistencials
2015,G,2017/SSIB00/63306,Instal·lacions tècniques
2015,G,2017/SSIB00/63400,Elements de transport
2015,G,2017/SSIB00/63501,Equips d'oficina i electrodomèstics
2015,G,2017/SSIB00/63502,Mobiliari
2015,G,2017/SSIB00/63600,Equips per a processos d'informació
2015,G,2017/SSIB00/64000,Despeses en inversions de caràcter immaterial
2015,G,2017/SSIB00/64006,Aplicacions informàtiques
2015,G,2017/SSIB00/64090,"Arrendament financer amb opció de compra, leasing"
2015,G,2017/SSIB00/91100,Amortització de préstecs a llarg termini d'ens del sector públic
2015,G,2017/SSIB00/91300,Amortització de préstecs a curt termini d'ens de fora del sectro públic
